Mol,Temp,y,y_pred
194pent_782,333.15,-0.606020225,-0.5179628
205hept_828,328.85,3.692994784,3.7024946
095pent_387,273.15,-4.068382873,-3.8823771
061cycl_241,363.65,-3.596521815,-3.5378942
015quin_71,353.15,-2.630760187,-3.3980713
147hydr_614,283.15,-10.04510972,-9.759373
0106pro_chloroform,298.0,-4.73,-3.9339166
036furf_139,290.15,-5.366136745,-5.537765
0144thi,298.0,-2.73,-1.7256751
test1014,298.0,-9.0,-8.254675
099prop_404,294.65,1.918166704,1.9550239
264brom_1061,283.15,-1.042984099,-0.5406672
179cycl_732,308.35,0.41240561,0.6475152
196ethy_784,322.65,-1.318983517,-1.330848
272prop_1085,353.15,-0.169072802,0.21761239
005dipr_16,273.15,-4.925784771,-5.0715075
272prop_1085,303.15,-0.845661304,-0.34252393
036furf_139,311.15,-5.04317005,-5.3506365
035oxyl_138,313.0,-0.543397405,-0.10294831
217buty_888,343.15,-3.086847314,-3.070499
112bisc_456,323.25,-2.995857026,-2.7146392
208tetr_850,293.15,-2.619733927,-2.3035655
116tran_482,308.0,2.21,2.603509
233tetr_950,343.15,3.830491672,3.797205
0116pyr,298.0,-4.7,-4.9539156
194pent_782,353.15,-0.242134369,-0.32593358
091buta_380,293.15,-3.157452681,-2.882597
113brom_466,333.15,-0.294421936,-0.24382353
255cycl_1006,298.15,0.775682315,0.77944434
n202,298.0,-17.74,-17.59943
dichlorodifluoromethane_methanol,298.0,-1.49,-1.0278114
137ethy_576,313.0,-0.278541038,-0.08136177
0173tri,298.0,-0.39,-0.09753692
080dich_331,283.15,-1.182757165,-0.7247114
212chlo_874,293.15,-0.640896776,-0.20738494
137ethy_576,301.15,-0.659190065,-0.4073019
195meth_783,343.15,-3.897321781,-3.8459382
183vale_749,333.15,-2.899924229,-2.5911722
263isob_1051,312.65,-3.619439252,-3.1837676
043hexa_167,318.15,-5.601474611,-5.6136093
002dime_2,323.15,-1.098126949,-1.2066423
test4006,298.0,-0.59,-0.77827907
121meth_491,332.65,-2.010498241,-2.063877
266dime_1063,278.0,2.12,2.2271886
054trif_228,313.15,-3.743462763,-3.533585
105ethy_425,303.65,-3.345205454,-3.7707539
133acet_570,313.15,-3.512938714,-3.1714149
138isob_577,312.85,-1.954459595,-1.8513523
260ethy_1031,313.25,-1.715373553,-2.1013894
061cycl_241,333.65,-4.349494681,-4.3843975
085meth_357,303.95,-3.167378734,-2.8782682
023hexa_94,318.44,-0.044810689,0.5063504
205hept_828,372.25,4.739019976,4.725665
053tetr_227,273.15,-2.053149958,-1.729294
102hexa_410,343.15,-2.528210822,-2.496416
235acet_952,273.45,-10.36270544,-10.156832
063octa_255,312.65,-3.171619679,-3.4053435
033diet_133,281.65,-2.45752205,-2.542872
083hexa_352,353.15,3.59816905,3.504088
114dipr_467,323.15,-0.462276033,-0.34111655
032pipe_131,323.15,-4.301489552,-4.4475565
132diet_563,333.35,-2.41799392,-2.70933
203pent_817,363.15,-2.853051763,-3.0050287
178cycl_728,303.0,1.21,1.2053176
143dich_594,288.15,-2.003774234,-1.6875745
125dibu_519,273.15,-2.108190347,-1.8769169
0049but_chloroform,298.0,-5.28,-4.6354895
212chlo_874,293.18,-0.638366769,-0.20711386
0174chl_carbontet,298.0,-5.21,-4.538065
018buta_84,363.75,-3.218326177,-2.7606952
0089pen_chloroform,298.0,-6.61,-6.35661
099prop_404,333.15,2.705966118,2.6247416
244dich_977,315.25,-1.538562297,-1.6696826
163cycl_666,283.0,-0.04,0.11018169
193meth_779,273.15,1.551753544,1.416767
0244tet,298.0,-3.12,0.9790052
test1030,298.0,-5.5,-5.124169
179cycl_732,277.95,-0.331659558,-0.19236565
0144thi_chloroform,298.0,-5.98,-5.9125395
203pent_817,353.15,-3.004073103,-3.114394
086acet_360,298.15,-4.121971561,-3.9402256
187diet_755,304.05,-5.397412743,-5.770649
0416dcl,298.0,-1.99,-2.357966
test4003,298.0,-0.89,-1.0037887
233tetr_950,373.15,4.00748133,3.8996315
060dibr_238,343.15,-1.384682086,-1.103098
181diis_741,293.15,-3.433170889,-3.3122745
190pxyl_776,308.0,-0.431182611,-0.28025556
102hexa_410,373.15,-1.86022859,-1.7744275
061cycl_241,304.15,-5.302576984,-5.2258315
008cycl_28,273.15,-5.740438452,-5.5178146
074octa_295,298.15,2.926395891,2.9118242
test1017,298.0,-6.5,-6.6467
056buta_230,283.19,-5.059753233,-4.962702
241fluo_969,353.15,0.294506734,0.21046448
042cycl_160,353.55,-3.769866162,-3.8149452
128isop_541,312.85,-1.885936515,-1.6642382
002dime_2,333.85,-0.745015108,-0.8797072
222meth_906,342.25,-2.96147256,-2.712657
013hept_55,273.15,-5.171323436,-5.2188344
0070eth_chloroform,298.0,-3.65,-2.8321586
test1015,298.0,-9.5,-9.081295
137ethy_576,285.25,-1.123881148,-0.86123264
137ethy_576,294.15,-0.857850716,-0.61504877
184carb_752,303.15,0.486462129,0.33444917
0049but_carbontet,298.0,-4.2,-3.3828816
135dich_572,298.15,-3.383198763,-4.2291026
253dich_996,279.15,-1.694690422,-1.2036322
0022pro_methanol,298.0,-1.29,-1.5855843
137ethy_576,290.93,-0.933938208,-0.7078701
246meth_979,363.15,-5.269639826,-4.991438
263isob_1051,353.15,-2.833880034,-2.5007596
035oxyl_138,275.0,-1.553142652,-0.9208957
0122Nme,298.0,-4.68,-4.611647
033diet_133,355.15,-0.658185222,-0.3479799
241fluo_969,298.15,-0.787782873,-0.4547168
053tetr_227,298.15,-1.332200328,-1.2439519
227hept_923,363.65,-1.341180677,-1.0536752
021benz_92,298.0,-6.693327055,-6.7381096
053tetr_227,323.15,-0.717574579,-0.74114096
0044met_carbontet,298.0,-2.25,-1.3176429
087meth_361,333.35,-3.738899996,-3.846301
024chlo_95,343.15,1.073131073,1.0270456
128isop_541,353.45,-0.838895729,-0.97912776
227hept_923,322.95,-2.298559617,-1.8715818
186fluo_754,303.15,-0.152288537,0.03722346
041ethy_159,333.15,-4.264823524,-4.042504
240meth_959,273.15,-6.102084897,-6.0766306
0244tet_chloroform,298.0,-5.84,-4.995913
113brom_466,363.15,0.014020873,-0.22892797
179cycl_732,298.25,0.162678648,0.3861158
193meth_779,313.25,2.986339832,2.974884
253dich_996,308.15,-1.084654094,-0.84085786
246meth_979,353.15,-5.522386502,-5.30707
113brom_466,353.15,-0.075081536,-0.23824656
0407tet,298.0,-1.15,-1.2971178
156ethy_639,302.85,-2.610678747,-2.6479788
0019met,298.0,1.71,2.205533
056buta_230,363.19,-3.138876397,-3.3050408
0216amm_carbontet,298.0,-1.06,-0.55370075
138isob_577,333.65,-1.51671487,-1.3862436
005dipr_16,303.15,-3.432771546,-3.5855408
102hexa_410,333.15,-2.768058543,-2.71761
141dich_589,273.15,-1.803432819,-1.3501583
227hept_923,292.95,-3.234698687,-2.9139304
0103eth_chloroform,298.0,-4.02,-3.5088606
137ethy_576,284.75,-1.11577927,-0.8744509
112bisc_456,354.05,-2.503262533,-2.4666753
262cycl_1049,273.15,-5.833420831,-5.2971263
132diet_563,323.15,-2.633601445,-2.8361993
015quin_71,293.45,-3.745460209,-4.2969503
137ethy_576,292.15,-0.900959734,-0.67418265
235acet_952,273.15,-10.34975409,-10.164055
0222tri,298.0,-6.1,-7.1965647
196ethy_784,312.95,-1.608175914,-1.6472739
060dibr_238,298.15,-2.025318294,-1.6559086
029pent_116,343.15,-2.879575219,-2.7792945
072meth_293,287.85,1.87719547,2.2477016
0240met,298.0,-3.91,-4.558521
130nitr_552,293.15,-4.326690868,-3.8184266
024chlo_95,273.15,-0.656939729,-0.26314664
147hydr_614,293.15,-9.780971265,-9.415029
070prop_277,318.15,-2.133246921,-2.3676057
218tetr_891,313.15,-4.473259144,-4.3668733
093pyrr_383,313.15,-5.012310234,-4.997535
126nitr_529,313.15,-3.266953552,-3.6442895
246meth_979,283.15,-7.684340819,-7.321498
167cisd_673,293.0,1.42,1.4744567
0142die,298.0,-1.43,-1.2422483
0045eth_carbontet,298.0,-2.96,-2.4570723
103brom_414,293.15,-0.595164781,-0.38095248
116tran_482,303.0,2.06,2.4046993
016nona_72,273.15,-5.233009639,-5.5176334
253dich_996,288.85,-1.469181578,-1.0873843
148chlo_615,353.15,-0.615165123,-0.26030815
n011_carbontet,298.0,-7.24,-5.9273076
113brom_466,293.15,-0.909609464,-0.5943537
189nmet_775,333.15,-5.826623184,-5.905572
0099but,298.0,-2.55,-2.8369064
073meth_294,323.15,-4.144038817,-4.0306926
136etha_574,283.15,-5.138860799,-4.8753448
175tetr_718,323.65,2.702111671,2.2242303
133acet_570,288.15,-4.035327056,-3.6372194
142meth_590,288.0,-2.985521221,-2.9015312
065chlo_267,275.15,-1.648547653,-1.2616551
220tric_899,308.15,-0.349078486,-0.6153635
143dich_594,298.15,-1.797545108,-1.5704055
195meth_783,363.15,-3.562823628,-3.5467796
248tric_988,283.55,-3.153775117,-2.4054046
0154dif_methanol,298.0,-1.9,-1.2648767
129naph_551,308.5,-2.131097015,-1.9086403
033diet_133,311.15,-1.640400244,-1.6958259
137ethy_576,277.5,-1.383002188,-1.0703429
024chlo_95,333.15,0.905354568,0.8482069
0106pro_carbontet,298.0,-3.59,-2.9590478
241fluo_969,273.15,-1.400428427,-1.1144422
228dime_933,342.95,-5.642854251,-5.7398224
038diis_151,282.85,-1.789415695,-1.5704165
217buty_888,363.15,-2.692501188,-2.7058415
222meth_906,343.65,-2.959682328,-2.6974444
049ethy_202,313.05,-1.968682966,-2.1731353
262cycl_1049,353.15,-4.400300113,-4.137933
098dime_400,313.15,-6.886416447,-6.703312
113brom_466,283.15,-1.10299983,-0.65821445
218tetr_891,303.15,-4.739879611,-4.609849
123dibu_505,353.15,-1.043172441,-1.2408792
203pent_817,303.15,-4.013219018,-3.9553008
143dich_594,275.15,-2.332039623,-1.8285162
213octa_875,323.25,-2.669091198,-2.842317
065chlo_267,273.15,-1.746759864,-1.2976397
113brom_466,373.15,0.089917416,-0.21366239
041ethy_159,303.15,-5.039502123,-5.029302
0409clb,298.0,0.07,0.12262666
166chlo_672,278.15,-1.464931029,-1.0094775
099prop_404,298.65,2.021197816,2.0328918
isobutene_methanol,298.0,-1.88,-1.4210169
123dibu_505,283.15,-4.106161114,-4.457692
250nitr_991,343.15,-9.959506329,-9.205816
013hept_55,313.15,-3.297459775,-3.4272375
253dich_996,298.15,-1.285043427,-0.92576206
224benz_919,278.0,-4.600320125,-4.264616
228dime_933,323.15,-6.015580083,-6.0523424
125dibu_519,304.05,-0.816720587,-0.39575434
098dime_400,353.15,-5.304821503,-5.397806
240meth_959,303.65,-4.843939403,-4.5974345
169tric_679,323.15,-1.412065456,-1.1605278
170meth_681,298.15,-2.400734479,-1.9705039
0104dim,298.0,-4.29,-4.127435
060dibr_238,353.15,-1.295387392,-1.0459381
0075pro_chloroform,298.0,-4.42,-3.8529491
215nndi_886,303.15,-7.594251712,-7.2546716
056buta_230,353.15,-3.262475722,-3.4372888
169tric_679,298.15,-1.930072327,-1.6220859
036furf_139,343.15,-4.669433278,-4.97014
095pent_387,353.35,-2.147590574,-1.6831999
070prop_277,279.15,-2.965811048,-3.0196035
168nitr_678,293.15,-3.758908624,-3.5191731
041ethy_159,313.15,-4.718154611,-4.7543287
0079pen,298.0,-3.41,-2.9084058
059dich_237,323.25,-0.72324708,-0.6364664
013hept_55,283.15,-4.642070358,-4.71322
143dich_594,293.15,-1.896189337,-1.6327643
241fluo_969,320.85,-0.346068004,-0.0150465965
0086eth,298.0,-6.7,-7.100796
181diis_741,373.15,-0.570490624,-0.9008907
043hexa_167,298.15,-6.22441652,-6.1471243
0406oct,298.0,4.28,2.9813495
036furf_139,353.15,-4.569681962,-4.837887
060dibr_238,288.15,-2.224435774,-1.8335496
265dime_1062,293.15,-4.771155094,-4.9592924
0111die_carbontet,298.0,-4.12,-3.6709952
0076but_carbontet,298.0,-4.09,-3.5773306
0001met,298.0,2.0,2.3580709
137ethy_576,333.14,0.08387403,0.32214606
122pipe_500,373.15,-4.164355782,-4.270995
056buta_230,273.15,-5.593353849,-5.3489733
256hexa_1007,313.15,0.4500458,0.35276628
082nona_342,322.95,-3.293324064,-3.39923
0116pyr_chloroform,298.0,-6.45,-5.947609
099prop_404,313.45,2.343361043,2.2993383
130nitr_552,283.15,-4.587741007,-4.0763097
148chlo_615,274.15,-1.584547932,-1.2125627
218tetr_891,373.15,-3.448266151,-3.4277353
260ethy_1031,353.65,-0.73045726,-0.9343279
033diet_133,339.65,-0.976923437,-0.8175932
260ethy_1031,333.35,-1.173988491,-1.5553994
033diet_133,293.15,-2.079127552,-2.2263985
100tetr_405,333.15,2.591068236,2.6336799
024chlo_95,323.15,0.712500834,0.66070473
256hexa_1007,303.15,0.208850758,0.3153751
264brom_1061,303.15,-0.614157177,-0.36457258
027oxop_109,318.15,-6.26709369,-6.2164793
148chlo_615,283.15,-1.430634673,-1.0958251
test0009,298.0,-3.28,-3.12819
0044met,298.0,-5.11,-4.981972
093pyrr_383,303.15,-5.317874171,-5.22481
087meth_361,282.85,-5.457436485,-5.358213
072meth_293,344.65,2.708387021,2.6199188
101dime_406,312.75,-1.302793396,-1.5730426
017etha_82,277.78,-7.195459483,-7.269906
127form_539,298.51,-6.845807778,-6.4444838
133acet_570,273.66,-4.376489196,-3.8842115
195meth_783,273.15,-5.707890208,-5.469216
105ethy_425,333.25,-2.728419464,-2.6828043
072meth_293,335.45,2.610019809,2.6035748
061cycl_241,343.45,-4.052893482,-4.1224384
205hept_828,308.15,3.154709496,3.069282
0056mcr_chloroform,298.0,-6.7,-6.0230923
222meth_906,323.15,-3.115574026,-2.9057374
056buta_230,323.19,-3.835954485,-3.7951655
121meth_491,322.95,-2.242145271,-2.2687664
263isob_1051,282.85,-4.396755701,-4.0650363
056buta_230,293.19,-4.739225377,-4.552322
102hexa_410,323.15,-3.023554814,-2.9581482
172pent_692,303.75,-2.312040648,-2.1182573
240meth_959,282.65,-5.693129143,-5.638683
016nona_72,303.15,-3.606983178,-3.8932886
196ethy_784,292.55,-2.296081562,-2.3189986
181diis_741,283.15,-3.911917477,-3.6499434
137ethy_576,313.15,-0.372287974,-0.07776153
224benz_919,333.15,-3.46859874,-3.4840631
051buty_215,302.85,-2.259785297,-2.3647904
178cycl_728,298.0,1.05,1.0598086
113brom_466,323.15,-0.425475407,-0.2989174
221isop_900,323.15,-1.983412442,-2.4393446
266dime_1063,293.0,2.82,2.7527552
195meth_783,313.15,-4.545037815,-4.3669
130nitr_552,279.15,-4.687573595,-4.191819
172pent_692,343.35,-1.262428551,-1.1316153
231ally_947,273.15,-4.148977258,-4.1664567
0149mor_chloroform,298.0,-6.72,-5.7097645
0075pro_carbontet,298.0,-3.35,-2.6239886
044hept_177,343.45,-2.291227991,-2.4751954
125dibu_519,353.85,1.348657928,1.1212624
123dibu_505,323.15,-2.177841375,-2.4532094
0234ENmb,298.0,-10.0,-9.142199
213octa_875,303.75,-3.480692097,-3.698073
080dich_331,279.15,-1.256613977,-0.7778131
060dibr_238,313.15,-1.76478814,-1.3952117
208tetr_850,283.15,-2.931147312,-2.5288205
148chlo_615,293.15,-1.190361812,-0.98527515
099prop_404,293.15,1.845544675,1.9256893
063octa_255,343.25,-2.061198793,-2.3165839
079octy_321,282.35,-3.42978931,-2.911943
221isop_900,303.15,-2.433372165,-2.9457521
138isob_577,292.85,-2.542194386,-2.3272154
213octa_875,353.15,-1.674385857,-1.9072274
093pyrr_383,363.15,-3.7618503,-3.8764691
246meth_979,303.15,-6.992088213,-6.6945677
099prop_404,288.65,1.762369744,1.8358978
265dime_1062,273.15,-5.53352368,-5.6204023
063octa_255,273.15,-5.253406789,-5.3560057
065chlo_267,333.15,-0.399955847,-0.40805018
184carb_752,273.15,-0.154655443,-0.13364351
186fluo_754,303.18,-0.154888034,0.037573457
238form_957,283.0,-6.936272216,-6.500658
099prop_404,332.15,2.682398962,2.6083422
061cycl_241,313.15,-4.990587974,-4.904952
253dich_996,323.15,-0.810370774,-0.67125404
198isoq_797,337.15,-4.747460826,-4.804073
148chlo_615,323.15,-0.813404623,-0.6436311
093pyrr_383,353.15,-3.97677756,-4.049962
079octy_321,302.55,-2.421682337,-2.3745944
247hydr_987,278.15,-0.777480716,-0.5009943
265dime_1062,333.15,-3.548293635,-3.8694038
187diet_755,273.15,-6.430858733,-6.5624704
038diis_151,293.15,-1.442732823,-1.2317772
0026cyc,298.0,0.56,0.86465394
018buta_84,298.15,-4.645285086,-4.429864
test3001,298.0,-14.83,-14.865126
060dibr_238,273.15,-2.538652625,-2.1521416
023hexa_94,298.0,-0.240768122,-0.14278567
162phen_665,371.65,-4.968169298,-5.2680087
051buty_215,363.65,-0.802285057,-0.74132705
test1031,298.0,-6.1,-7.427335
095pent_387,293.15,-3.43532385,-3.1788607
122pipe_500,303.15,-7.1328148,-7.195265
007meth_27,303.15,-4.454813384,-4.360102
248tric_988,321.55,-1.969751129,-1.6143781
0095eth_chloroform,298.0,-5.58,-5.1563473
128isop_541,273.15,-3.299594967,-2.8184705
027oxop_109,298.0,-6.758745904,-6.6812153
0041nap_carbontet,298.0,-7.55,-5.409528
051buty_215,343.65,-1.228068303,-1.16346
056buta_230,313.19,-4.122372774,-3.973322
240meth_959,293.45,-5.240866602,-5.0772514
0206tri,298.0,1.77,2.1723251
129naph_551,298.0,-2.404286607,-2.086596
035oxyl_138,288.0,-1.189686439,-0.7212926
016nona_72,353.45,-1.348117538,-1.7831721
007meth_27,363.15,-3.360528799,-3.258862
244dich_977,308.05,-1.735798516,-1.8254576
137ethy_576,308.0,-0.457864742,-0.20763767
212chlo_874,313.15,-0.34078274,-0.030967712
243meth_971,303.75,-4.393918625,-4.007465
224benz_919,303.15,-4.03737186,-3.9086332
100tetr_405,293.15,1.836888762,1.9633051
262cycl_1049,303.15,-5.161683618,-4.8729224
190pxyl_776,323.14,-0.095633133,0.061508775
190pxyl_776,298.0,-0.705729551,-0.51229167
059dich_237,293.15,-1.49211822,-1.1131927
244dich_977,321.05,-1.38968972,-1.5255047
177trie_722,283.15,-3.747054396,-3.5671396
059dich_237,303.15,-1.235009816,-0.92510283
0131nit,298.0,-3.34,-3.0954323
100tetr_405,328.15,2.501732957,2.5416117
033diet_133,345.15,-0.849298323,-0.64647794
036furf_139,323.15,-4.874577983,-5.2125034
063octa_255,323.15,-2.722340021,-3.0005498
036furf_139,298.0,-5.21605486,-5.4984436
162phen_665,300.15,-6.100300426,-6.05567
240meth_959,313.25,-4.499544471,-4.1964836
190pxyl_776,275.0,-1.400165115,-0.97288203
228dime_933,333.05,-5.80675437,-5.897801
105ethy_425,273.15,-4.424435804,-4.94095
174hexa_712,313.25,2.997195242,2.955258
072meth_293,298.35,2.075410348,2.3508549
193meth_779,298.15,2.52116178,2.4172397
136etha_574,293.15,-4.923950767,-4.649208
126nitr_529,353.15,-2.601055896,-2.7527878
189nmet_775,283.15,-7.117918446,-7.090437
100tetr_405,273.15,1.28353519,1.5832218
083hexa_352,303.15,2.431768902,2.312303
044hept_177,283.35,-4.627741048,-4.8106494
162phen_665,291.45,-6.278593872,-6.2747393
256hexa_1007,293.15,-0.155902375,0.26420557
007meth_27,353.15,-3.524452295,-3.396336
132diet_563,353.25,-2.073484356,-2.4955993
236ethy_953,353.15,-3.74932207,-3.8360023
005dipr_16,323.15,-2.636508008,-2.8787007
189nmet_775,298.8,-6.659312947,-6.5406237
073meth_294,293.15,-4.910586988,-5.0252576
263isob_1051,273.15,-4.627869556,-4.3721886
138isob_577,273.15,-3.257166644,-2.7781582
020nitr_91,313.15,-3.817947092,-3.9048777
074octa_295,293.15,2.709807904,2.7557735
098dime_400,373.15,-4.636091814,-4.9442325
187diet_755,292.85,-5.703949122,-6.1042833
114dipr_467,298.15,-1.197372556,-1.0723528
129naph_551,293.0,-2.499153707,-2.1812167
018buta_84,291.15,-4.819332677,-4.6322026
108hexy_433,283.15,-4.642414696,-4.701779
021benz_92,293.15,-6.835093641,-6.8356123
038diis_151,334.15,0.196159165,-0.0024346113
143dich_594,323.15,-1.420361935,-1.2173624
059dich_237,311.55,-1.008351342,-0.79126835
235acet_952,313.15,-9.437698384,-9.274616
032pipe_131,293.15,-5.285077463,-5.3272533
038diis_151,313.95,-0.629103759,-0.5495545
247hydr_987,283.15,-0.712853436,-0.4339499
243meth_971,353.25,-3.03919684,-2.7787018
235acet_952,283.15,-10.12130078,-9.900654
0157flu_chloroform,298.0,-4.25,-4.272472
167cisd_673,288.0,1.23,1.3261529
240meth_959,333.55,-3.768781136,-3.546218
0041nap,298.0,-2.39,-2.0387096
128isop_541,303.45,-2.209581923,-1.8860533
123dibu_505,363.15,-0.719650928,-0.91986144
021benz_92,282.95,-7.294201653,-7.0634804
183vale_749,293.15,-3.656540036,-3.4139738
156ethy_639,353.45,-1.486981172,-1.5671546
007meth_27,373.15,-3.203504184,-3.1428452
100tetr_405,303.15,2.03889669,2.1307106
084tert_354,323.15,-1.223180938,-1.2958143
036furf_139,365.15,-4.46210768,-4.6666603
053tetr_227,293.15,-1.465698421,-1.3528222
085meth_357,353.15,-2.114809938,-2.309146
0202bro,298.0,-1.95,-1.2847475
143dich_594,333.15,-1.317896221,-1.0582347
test4004,298.0,-0.72,-0.8336456
0201bro,298.0,-0.13,0.30612028
130nitr_552,303.15,-4.069552965,-3.5605154
033diet_133,280.65,-2.503292231,-2.5704806
085meth_357,362.15,-1.921979564,-2.2590756
208tetr_850,343.15,-1.44129708,-1.2612416
0150mhy,298.0,-9.51,-9.244036
142meth_590,293.0,-2.894761218,-2.8301268
217buty_888,273.15,-5.168854401,-5.410078
test1035,298.0,-5.4,-5.551897
206prop_838,282.25,-3.04475784,-2.657329
072meth_293,348.35,2.746964993,2.6211076
197trif_794,343.15,-3.35900261,-3.2021132
162phen_665,348.15,-5.252259092,-5.1547027
236ethy_953,363.15,-3.649885653,-3.6470518
134brom_571,298.15,-1.430528486,-0.99778545
074octa_295,303.15,3.132675942,3.061757
0118ani,298.0,-5.49,-6.1815715
0118ani_carbontet,298.0,-6.1,-4.3224487
266dime_1063,313.0,3.53,3.3358297
127form_539,287.36,-6.959804753,-6.500691
143dich_594,313.15,-1.53906649,-1.3447701
137ethy_576,318.15,-0.250494005,0.040794015
test1034,298.0,-5.2,-4.318455
082nona_342,343.65,-2.430480739,-2.621502
205hept_828,273.15,1.483668649,1.9744266
0071proa,298.0,-3.44,-3.2119582
236ethy_953,313.15,-4.56496061,-4.653106
059dich_237,298.15,-1.368532285,-1.0169915
243meth_971,323.15,-3.755338086,-3.435966
198isoq_797,341.85,-4.690667667,-4.7352824
175tetr_718,304.15,1.684808455,1.2115132
084tert_354,343.65,-0.750363852,-0.73126745
093pyrr_383,323.15,-4.725996934,-4.763928
215nndi_886,289.4,-7.874543499,-7.6205044
197trif_794,363.15,-3.046879781,-2.8277857
0086eth_carbontet,298.0,-3.64,-2.389496
166chlo_672,308.15,-0.702810973,-0.6113843
190pxyl_776,333.14,0.077504127,0.28962958
246meth_979,273.15,-8.054872644,-7.44135
046ethy_190,282.85,-4.875063077,-4.784592
0197bro,298.0,1.79,2.2771196
082nona_342,353.35,-1.921504195,-2.3463612
0104dim_chloroform,298.0,-3.69,-3.9133978
241fluo_969,312.75,-0.449391296,-0.16051745
172pent_692,292.85,-2.810624125,-2.4506707
029pent_116,298.15,-4.219527138,-4.223911
0089pen,298.0,-6.16,-5.850461
228dime_933,292.95,-6.647583242,-6.758621
0217wat_carbontet,298.0,-0.85,-0.5800846
0525car_carbontet,298.0,-4.35,-3.8736916
0124dim,298.0,-4.72,-5.41323
222meth_906,333.15,-3.014299278,-2.8129601
221isop_900,347.75,-1.434412334,-1.8280075
0438pho,298.0,-3.86,-4.6992292
038diis_151,273.15,-2.418347577,-1.888391
040dime_157,298.0,2.361994571,2.4948244
178cycl_728,313.0,1.5,1.4927076
148chlo_615,313.15,-0.91556113,-0.7762393
135dich_572,278.15,-4.129418615,-5.132588
207anis_848,363.85,-1.437752595,-1.1059326
167cisd_673,298.0,1.59,1.6206738
177trie_722,273.15,-4.278188686,-3.9267445
063octa_255,288.15,-4.387170512,-4.5795627
197trif_794,313.15,-3.939876352,-3.826694
169tric_679,343.15,-1.127693718,-0.82311237
0101pen,298.0,-2.45,-2.6576529
141dich_589,293.15,-1.39892403,-1.1085774
035oxyl_138,333.0,-0.178224395,0.33372712
172pent_692,309.65,-2.144967157,-1.9484838
233tetr_950,303.15,3.220275517,3.1512718
112bisc_456,313.15,-3.177924403,-2.8415847
065chlo_267,298.05,-1.119698259,-0.868127
130nitr_552,288.15,-4.434338062,-3.9473639
114dipr_467,373.15,0.348661712,0.7609154
174hexa_712,303.15,2.684336021,2.6121526
0228met,298.0,-4.56,-4.1534247
128isop_541,363.85,-0.66773258,-0.8203899
test3007,298.0,-10.32,-10.37655
0175odi,298.0,-1.36,-1.1135715
036furf_139,333.15,-4.766074538,-5.1018133
186fluo_754,373.15,0.497281574,0.60618246
056buta_230,333.19,-3.606194603,-3.6658797
113brom_466,303.15,-0.732579439,-0.51177615
266dime_1063,288.0,2.6,2.5826292
113brom_466,288.14,-0.988430603,-0.6273608
147hydr_614,313.15,-9.316972699,-8.853466
027oxop_109,288.0,-6.980948825,-6.923378
218tetr_891,333.15,-4.030915009,-3.9963174
203pent_817,333.15,-3.3473111,-3.3923025
224benz_919,298.0,-4.137804958,-3.9978228
123dibu_505,293.15,-3.576660497,-3.8371978
036furf_139,312.65,-4.986323439,-5.332915
0108pyr,298.0,-5.48,-5.4755487
002dime_2,363.85,0.02906569,-0.4177016
0007nhe,298.0,2.62,2.7038484
218tetr_891,343.15,-3.8505998,-3.8497648
098dime_400,273.15,-8.828686785,-8.115875
032pipe_131,333.15,-4.021726359,-4.1711926
108hexy_433,373.15,-2.07576991,-2.3701282
059dich_237,332.35,-0.559777961,-0.52006865
020nitr_91,303.15,-3.920372021,-4.0905437
test1063,298.0,-9.4,-9.232817
219acet_898,308.15,-3.359819875,-3.3102949
126nitr_529,293.15,-3.777940861,-4.3812523
test0005,298.0,-11.01,-10.646696
198isoq_797,289.25,-5.713232672,-5.205192
219acet_898,293.15,-3.549669767,-3.5175505
033diet_133,324.65,-1.362962318,-1.2834097
043hexa_167,303.15,-6.06011199,-6.1187453
207anis_848,313.05,-2.252027386,-2.1453257
0214tri,298.0,-0.12,-0.82342386
179cycl_732,288.35,-0.092550446,0.10168028
218tetr_891,293.15,-5.040111041,-4.897797
179cycl_732,307.95,0.402329613,0.6385671
213octa_875,292.75,-4.029023826,-4.2104115
007meth_27,313.15,-4.253220366,-4.142248
056buta_230,293.15,-4.729113236,-4.553933
244dich_977,303.25,-1.907184267,-1.9237489
236ethy_953,343.15,-3.947168498,-4.0724683
112bisc_456,333.85,-2.773181569,-2.6103554
222meth_906,298.15,-3.411983122,-3.3637376
013hept_55,293.05,-4.152013701,-4.240951
186fluo_754,353.15,0.364678275,0.49832308
142meth_590,333.15,-2.086814364,-2.2802296
0058hep,298.0,-4.24,-4.1739054
0205chl,298.0,0.06,0.19817996
0093met_carbontet,298.0,-3.82,-3.5274262
122pipe_500,293.15,-7.609473532,-7.6922493
0011dim,298.0,2.5,2.1868105
0090hex_carbontet,298.0,-6.99,-6.51842
060dibr_238,308.15,-1.847255612,-1.4566514
266dime_1063,308.0,3.37,3.2061534
0161dic,298.0,-1.36,-1.0706867
141dich_589,303.15,-1.235363349,-0.95521605
0036tol_carbontet,298.0,-5.12,-3.9018192
070prop_277,303.15,-2.435664268,-2.5937939
0005npe,298.0,2.33,2.2272196
168nitr_678,313.15,-3.329484575,-3.1780038
247hydr_987,363.15,-0.091467691,0.10233557
224benz_919,313.15,-3.82643241,-3.7884388
041ethy_159,323.15,-4.456014498,-4.402384
170meth_681,298.0,-2.336380678,-1.9738971
122pipe_500,363.15,-4.551666508,-4.617537
227hept_923,353.35,-1.5744268,-1.2694348
213octa_875,363.25,-1.41430983,-1.846592
044hept_177,353.15,-1.981786962,-2.241507
0008noc_carbontet,298.0,-5.39,-4.2994375
253dich_996,283.15,-1.602620559,-1.1558683
125dibu_519,334.45,0.546949418,0.7458452
005dipr_16,373.15,-1.273373922,-1.4858428
065chlo_267,293.15,-1.221108547,-0.94601095
033diet_133,285.15,-2.334043923,-2.447177
024chlo_95,373.15,1.433103607,1.6526197
151tetr_627,353.15,1.180061277,1.1109704
0037eth,298.0,-0.8,-0.5011083
105ethy_425,313.15,-3.232968139,-3.3676329
040dime_157,273.15,1.340165603,1.8146895
087meth_361,293.15,-5.082937653,-5.0031495
267octa_1065,292.35,-3.824013737,-3.4809647
222meth_906,331.15,-3.040158538,-2.8304982
240meth_959,323.15,-4.171692708,-3.8422875
0098met,298.0,-2.57,-2.991866
108hexy_433,343.15,-2.647132539,-2.6133099
test0007,298.0,-4.23,-4.1104064
195meth_783,333.15,-4.093185768,-4.0270205
265dime_1062,343.15,-3.300894326,-3.5853763
250nitr_991,353.15,-9.853278508,-9.135468
148chlo_615,363.15,-0.607751771,-0.17941439
035oxyl_138,298.0,-0.937361307,-0.4764459
017etha_82,308.64,-6.678297821,-6.5994587
021benz_92,323.15,-6.004699612,-5.9405427
016nona_72,333.25,-2.103276032,-2.5767598
0103eth_carbontet,298.0,-2.77,-2.2275853
181diis_741,353.15,-1.136220861,-1.4076059
n009_chloroform,298.0,-8.23,-7.3976936
054trif_228,333.15,-3.269949546,-3.0702
013hept_55,333.15,-2.572901463,-2.8372622
252phen_995,284.0,-4.115019634,-3.7350726
272prop_1085,363.15,-0.103431729,0.25327694
033diet_133,344.15,-0.882214987,-0.677347
177trie_722,333.15,-1.633802247,-1.8989251
156ethy_639,282.85,-3.20081136,-3.0851989
080dich_331,343.15,-0.135590616,0.18443453
228dime_933,363.65,-5.301264309,-5.4638343
126nitr_529,288.15,-3.895754057,-4.7675686
0058hep_chloroform,298.0,-7.53,-6.922645
102hexa_410,283.15,-4.299116314,-4.2579584
085meth_357,291.45,-3.477165733,-3.190845
056buta_230,343.19,-3.407269365,-3.5621152
113brom_466,313.21,-0.593316594,-0.4052996
259prop_1021,273.15,-3.19373192,-3.1081996
206prop_838,343.75,-1.257029976,-1.029501
082nona_342,312.75,-3.789573411,-3.8573418
190pxyl_776,300.0,-0.636971384,-0.4656111
018buta_84,348.15,-3.43691217,-3.12535
175tetr_718,333.85,3.19249174,2.7989292
046ethy_190,333.45,-2.937075869,-2.7023368
272prop_1085,323.15,-0.502542799,-0.045550823
251brom_992,293.15,-0.719299791,-0.5419667
0417brp,298.0,-0.86,-0.5281906
100tetr_405,323.15,2.437772548,2.4613848
n191,298.0,-16.59,-15.505675
test4001_carbontet,298.0,-6.5,-4.8411384
218tetr_891,363.15,-3.561197208,-3.5766397
127form_539,277.78,-7.08746986,-6.458315
059dich_237,333.85,-0.539790386,-0.5012717
179cycl_732,278.25,-0.323626639,-0.18363273
246meth_979,373.15,-5.029724148,-4.7304153
198isoq_797,325.25,-4.982310426,-4.960171
246meth_979,293.15,-7.330266551,-7.0124817
253dich_996,333.15,-0.664859005,-0.5598726
129naph_551,298.4,-2.373204205,-2.079386
033diet_133,289.15,-2.238059318,-2.3384295
051buty_215,323.15,-1.699002167,-1.7340328
081hexa_332,292.95,-4.294632076,-4.6408954
080dich_331,291.15,-0.969544745,-0.62504494
008cycl_28,353.35,-3.934467238,-3.980194
0022pro,298.0,1.27,1.4433717
247hydr_987,288.15,-0.656067257,-0.3697291
032pipe_131,373.15,-3.124536331,-2.9001198
221isop_900,293.05,-2.731186652,-3.2266905
098dime_400,323.15,-6.458979665,-6.327789
186fluo_754,313.05,-0.053919037,0.15246952
189nmet_775,373.15,-5.245811542,-5.2734103
137ethy_576,277.65,-1.392795324,-1.0662987
219acet_898,288.15,-3.667217709,-3.6170177
196ethy_784,333.25,-1.005207304,-1.0563251
010brom_40,283.15,-0.898539451,-0.7479852
220tric_899,278.15,-1.104736165,-1.120247
0110but,298.0,-4.29,-4.1566677
0004nbu,298.0,2.08,1.9807333
174hexa_712,288.15,2.162906407,2.0671468
0062dio,298.0,-5.05,-5.413884
181diis_741,303.15,-2.983323771,-2.96036
0087pro_carbontet,298.0,-4.09,-3.3551393
042cycl_160,293.15,-5.773445261,-5.6948056
072meth_293,314.15,2.330658701,2.4921894
080dich_331,323.15,-0.377550539,-0.17246497
059dich_237,308.15,-1.067557372,-0.83735096
138isob_577,353.35,-1.057458389,-0.90464246
215nndi_886,273.15,-8.362788687,-8.022571
265dime_1062,313.15,-4.111603713,-4.4106464
056buta_230,313.15,-4.147759761,-3.9741082
029pent_116,313.15,-3.709650326,-3.649712
004isob_15,363.15,-2.287973393,-2.1814995
095pent_387,303.75,-3.183309055,-2.800435
032pipe_131,363.15,-3.316812066,-3.2056756
n010,298.0,-5.67,-5.62512
008cycl_28,323.35,-4.465058877,-4.22789
215nndi_886,338.0,-6.86996154,-6.4500647
0056mcr,298.0,-5.49,-5.3802423
162phen_665,329.45,-5.598464235,-5.5420575
095pent_387,282.85,-3.780597982,-3.5316935
189nmet_775,293.15,-6.805096101,-6.6732206
162phen_665,353.45,-5.206553235,-5.0558276
101dime_406,302.85,-1.606177509,-1.7953943
113brom_466,343.15,-0.177763855,-0.23771739
0113pen,298.0,-4.1,-4.2548842
n013,298.0,-4.62,-4.7034817
114dipr_467,273.15,-2.176541404,-1.6606694
186fluo_754,283.88,-0.393319552,-0.19553125
129naph_551,288.3,-2.701223797,-2.269699
0130nit,298.0,-3.71,-3.2220805
116tran_482,313.0,2.36,2.7962947
0066dim,298.0,-4.84,-4.2074537
005dipr_16,363.15,-1.478411181,-1.6906865
test1061,298.0,-8.0,-8.265933
109ethy_443,303.0,1.93,1.9693171
243meth_971,293.25,-4.737112909,-4.377274
233tetr_950,273.15,2.451294484,2.498426
test2007,298.0,-18.06,-20.094143
250nitr_991,323.15,-10.22114176,-9.423246
248tric_988,321.05,-1.974097641,-1.6249207
059dich_237,373.15,-0.110164556,-0.07796705
121meth_491,312.65,-2.531319986,-2.5131364
041ethy_159,343.15,-4.022293044,-3.70649
018buta_84,308.15,-4.357019761,-4.139144
253dich_996,291.15,-1.431868045,-1.0444798
138isob_577,323.15,-1.655422342,-1.6101189
147hydr_614,343.15,-8.771607399,-8.2305565
063octa_255,353.25,-1.742059368,-2.033499
177trie_722,323.15,-1.988027924,-2.2587678
253dich_996,303.15,-1.190163659,-0.8803947
137ethy_576,279.45,-1.326518788,-1.0180807
0068ani_chloroform,298.0,-6.24,-5.6359076
035oxyl_138,273.15,-1.559040623,-0.95210755
198isoq_797,310.15,-5.30054348,-5.0800357
032pipe_131,273.15,-6.06922275,-5.9710026
0169chl,298.0,-0.59,-0.023368478
198isoq_797,347.95,-4.569365313,-4.6701
231ally_947,283.15,-3.960870597,-3.9375978
test1051,298.0,-20.3,-20.45497
033diet_133,338.15,-1.057769337,-0.86452043
n009_carbontet,298.0,-7.16,-5.5529633
141dich_589,298.15,-1.333956226,-1.030171
004isob_15,293.15,-3.487970028,-3.209393
102hexa_410,303.15,-3.600284347,-3.5630722
113brom_466,293.16,-0.887276375,-0.59428436
132diet_563,343.25,-2.250156219,-2.5997481
190pxyl_776,303.0,-0.581591751,-0.39392507
174hexa_712,293.15,2.346586749,2.2497754
035oxyl_138,303.0,-0.828547134,-0.3550881
117chlo_487,298.15,-2.484799981,-2.40246
194pent_782,298.15,-1.504750513,-1.1523908
267octa_1065,323.15,-2.502444729,-2.4792218
0085non,298.0,-2.67,-2.9476638
0036tol_chloroform,298.0,-5.48,-4.9082727
167cisd_673,313.0,2.05,2.0687914
0014tri,298.0,2.85,2.515613
091buta_380,313.15,-2.558076085,-2.4700813
073meth_294,373.15,-3.273799837,-3.1639295
198isoq_797,298.35,-5.521350101,-5.14841
206prop_838,273.15,-3.387435413,-2.9172473
033diet_133,322.15,-1.404354031,-1.3613309
053tetr_227,333.15,-0.589067628,-0.5917491
093pyrr_383,273.15,-6.356643688,-6.480715
126nitr_529,303.15,-3.510439061,-3.9624968
008cycl_28,282.95,-5.470709862,-5.1549516
095pent_387,292.45,-3.516049059,-3.2032547
005dipr_16,353.15,-1.716285536,-1.904163
046ethy_190,363.65,-2.213836604,-2.0279496
212chlo_874,303.15,-0.483434763,-0.118819
054trif_228,343.15,-3.058446305,-2.892439
227hept_923,303.85,-2.830663238,-2.4916475
116tran_482,298.0,1.9,2.2122507
021benz_92,273.15,-7.610708615,-7.229834
243meth_971,273.15,-5.47314155,-5.21113
145buty_600,273.15,-4.17457841,-4.0263224
221isop_900,312.95,-2.209932538,-2.695189
018buta_84,278.15,-5.294930929,-5.0066085
116tran_482,288.0,1.55,1.8770903
151tetr_627,343.15,1.046483329,1.012062
0090hex_chloroform,298.0,-7.51,-6.8061852
216anth_887,277.1,-4.137344176,-3.764821
109ethy_443,308.0,2.08,2.14754
083hexa_352,333.15,3.144089135,3.0518665
063octa_255,363.65,-1.521925046,-1.7945086
151tetr_627,273.15,-0.677603944,0.103761315
250nitr_991,363.15,-9.762821777,-9.007792
080dich_331,273.15,-1.449839851,-0.85799634
227hept_923,282.85,-3.619667992,-3.3543205
083hexa_352,313.15,2.673541725,2.5640216
189nmet_775,273.15,-7.459919001,-7.462941
test1009,298.0,-7.7,-8.068191
0119met,298.0,-4.63,-4.87112
178cycl_728,308.0,1.35,1.346038
0137ethb,298.0,-1.3,-0.49844706
081hexa_332,273.15,-5.187169488,-5.587404
008cycl_28,302.95,-4.919336912,-4.653285
018buta_84,303.15,-4.500210102,-4.282289
0003pro,298.0,1.96,2.0141592
132diet_563,273.15,-4.100690321,-3.715868
0121met,298.0,-4.94,-4.8601255
0053phe,298.0,-6.62,-5.968447
046ethy_190,293.35,-4.314447228,-4.2656612
test0008,298.0,-4.97,-5.6236053
036furf_139,352.15,-4.573441296,-4.850896
169tric_679,293.15,-2.043456227,-1.7242584
126nitr_529,343.15,-2.74771595,-2.9954913
026prop_100,298.0,-2.740031543,-3.29481
0088but_carbontet,298.0,-4.81,-4.6409216
177trie_722,313.15,-2.375372389,-2.5472202
059dich_237,297.75,-1.401045226,-1.024414
0216amm,298.0,-4.29,-4.200173
072meth_293,285.05,1.822430337,2.2181125
0078pen_carbontet,298.0,-4.81,-4.5493236
083hexa_352,363.15,3.81932957,3.6109009
020nitr_91,293.15,-4.052836566,-4.191957
036furf_139,363.15,-4.479215247,-4.704277
082nona_342,293.15,-4.602541525,-4.7431464
test2022,298.0,-9.45,-9.268572
198isoq_797,329.15,-4.910579218,-4.9149303
070prop_277,307.15,-2.34936768,-2.5336595
135dich_572,318.15,-2.761728623,-3.5167828
test1037,298.0,-10.7,-9.998856
272prop_1085,293.15,-1.055804933,-0.4780463
222meth_906,278.15,-3.675452322,-3.857543
0442pho,298.0,-4.09,-4.198101
072meth_293,319.95,2.411668907,2.5320196
073meth_294,303.15,-4.633198657,-4.66996
005dipr_16,293.15,-3.889282645,-4.0403433
151tetr_627,323.15,0.69640101,0.7746266
137ethy_576,288.15,-1.01461851,-0.7814872
272prop_1085,273.15,-1.557703198,-0.57583046
0120met,298.0,-4.77,-4.7759075
0217wat_chloroform,298.0,-2.05,-2.1873279
060dibr_238,323.15,-1.619687458,-1.2716297
046ethy_190,353.45,-2.425415934,-2.2336159
231ally_947,313.15,-3.449616757,-3.3994184
255cycl_1006,304.15,0.903244138,0.88441575
0077cyc,298.0,-4.68,-4.9692025
264brom_1061,293.15,-0.819382842,-0.44368035
148chlo_615,298.15,-1.115078831,-0.9373357
263isob_1051,343.25,-3.000483577,-2.7341523
122pipe_500,273.15,-8.606663094,-8.670458
0028Epe_carbontet,298.0,-3.46,-3.244737
081hexa_332,333.35,-2.889550266,-2.984734
117chlo_487,277.15,-3.030028247,-2.8934858
054trif_228,283.15,-4.615171754,-4.4794445
091buta_380,333.15,-2.168571421,-1.9507338
145buty_600,363.15,-2.591078242,-2.7879987
065chlo_267,297.95,-1.122300538,-0.8697841
220tric_899,318.15,-0.165608075,-0.47942495
015quin_71,303.15,-3.537547408,-4.07722
0221tri,298.0,-7.8,-8.163406
0104dim_carbontet,298.0,-2.75,-2.064225
074octa_295,288.15,2.482164433,2.6035156
0582qui_chloroform,298.0,-10.23,-9.244681
049ethy_202,293.15,-2.58512486,-2.7542229
203pent_817,283.15,-4.600151751,-4.589967
252phen_995,291.0,-3.938954943,-3.5483146
032pipe_131,343.15,-3.764796492,-3.873374
163cycl_666,298.0,0.4,0.55587566
065chlo_267,298.15,-1.072852225,-0.8664681
040dime_157,313.25,2.838069331,2.8671565
002dime_2,353.95,-0.22124854,-0.46577156
021benz_92,308.15,-6.416882155,-6.4507875
022nitr_93,293.15,-3.248751468,-2.9676797
032pipe_131,303.15,-4.932388313,-5.053334
0095eth,298.0,-3.1,-3.6713
212chlo_874,283.15,-0.816459191,-0.30114198
063octa_255,283.15,-4.67994887,-4.838155
065chlo_267,279.15,-1.576225477,-1.1897311
0204tet,298.0,0.05,0.37915003
231ally_947,363.15,-2.967755504,-2.9540172
013hept_55,352.95,-1.91221043,-2.381669
222meth_906,308.15,-3.294103021,-3.1668458
099prop_404,285.45,1.679741715,1.7777091
051buty_215,353.35,-1.040496772,-0.9282003
139dich_584,278.15,-4.889082408,-5.1599927
043hexa_167,333.15,-5.161861588,-4.829815
026prop_100,343.65,-1.782762501,-2.4084878
016nona_72,343.35,-1.824563799,-2.160974
215nndi_886,317.9,-7.276488061,-6.903162
247hydr_987,298.15,-0.546060762,-0.24122679
206prop_838,333.45,-1.476229113,-1.2909098
0411chp,298.0,0.07,0.048783183
002dime_2,273.15,-3.153533855,-3.1735668
129naph_551,288.5,-2.659702062,-2.2657046
247hydr_987,273.15,-0.8456971,-0.5662062
109ethy_443,298.0,1.77,1.7858566
178cycl_728,293.0,0.88,0.9124843
148chlo_615,279.15,-1.498182527,-1.1443522
193meth_779,372.25,4.238722476,4.2111373
049ethy_202,343.35,-1.225125197,-1.192151
156ethy_639,333.25,-1.884597912,-2.010313
007meth_27,293.15,-4.664671177,-4.5987597
221isop_900,302.85,-2.4665075,-2.9535532
250nitr_991,333.15,-10.08196497,-9.291768
test4002,298.0,-2.49,-1.9129858
080dich_331,303.15,-0.707641836,-0.50630033
172pent_692,353.25,-1.001288754,-1.0180566
162phen_665,361.85,-5.109545847,-5.0253954
0176pdi_chloroform,298.0,-6.32,-5.527413
0068ani,298.0,-2.45,-2.2387314
004isob_15,323.15,-2.916520033,-2.6986556
181diis_741,333.15,-1.797941693,-1.9321219
002dime_2,313.65,-1.398201376,-1.5172414
0167chla,298.0,-0.27,0.24980867
024chlo_95,283.15,-0.325985945,-0.06923425
137ethy_576,281.96,-1.220457091,-0.95019436
083hexa_352,273.15,1.678687915,1.5280193
059dich_237,320.65,-0.816688914,-0.67041314
test1007,298.0,-8.2,-7.750616
023hexa_94,293.42,-0.336091526,-0.27414334
177trie_722,353.15,-1.020787586,-1.1719115
208tetr_850,353.15,-1.284820709,-1.1299874
207anis_848,283.35,-3.191071389,-2.6855702
259prop_1021,363.65,-0.52840563,-0.7402135
132diet_563,303.15,-3.14028327,-3.118998
143dich_594,303.15,-1.707427465,-1.4901485
093pyrr_383,343.15,-4.208774387,-4.2620187
test1021,298.0,-1.5,-1.3754095
178cycl_728,278.0,0.32,0.4584415
085meth_357,282.65,-3.74543664,-3.42762
206prop_838,302.75,-2.310832788,-2.1306925
147hydr_614,363.15,-8.50154482,-8.030908
test1029,298.0,-4.2,-4.245823
208tetr_850,313.15,-2.075153973,-1.8622551
098dime_400,343.15,-5.668817334,-5.632053
216anth_887,284.0,-3.956315051,-3.6396823
102hexa_410,273.15,-4.708587762,-4.6273637
103brom_414,283.15,-0.889033122,-0.5253881
236ethy_953,323.15,-4.333950227,-4.550387
222meth_906,333.25,-3.021256603,-2.812086
244dich_977,283.55,-2.468951806,-2.3565779
105ethy_425,292.75,-3.698524486,-4.1578894
212chlo_874,353.15,0.150073874,0.33841848
026prop_100,293.15,-2.964212551,-3.582542
137ethy_576,273.15,-1.533385531,-1.1617475
215nndi_886,307.8,-7.479876192,-7.137068
186fluo_754,283.15,-0.440390136,-0.20497847
218tetr_891,273.15,-5.752378539,-5.484036
100tetr_405,298.15,1.949760653,2.0527377
222meth_906,332.05,-3.032703739,-2.822587
145buty_600,303.15,-3.545117603,-3.7347565
133acet_570,318.05,-3.41088355,-3.0846705
267octa_1065,273.15,-4.667662557,-4.1706834
117chlo_487,291.15,-2.666540853,-2.5506568
174hexa_712,328.85,3.306787952,3.4031858
125dibu_519,313.45,-0.437294034,0.06624448
036furf_139,334.15,-4.758897346,-5.090035
087meth_361,322.95,-4.025289895,-4.080277
0230eth,298.0,-5.51,-5.334064
137ethy_576,303.15,-0.610920586,-0.34866977
0024met_carbontet,298.0,-2.63,-2.9582767
101dime_406,323.65,-1.040560906,-1.3516488
0405hex,298.0,3.94,1.4291738
137ethy_576,343.14,0.224952745,0.4702809
190pxyl_776,363.14,0.515225428,0.8389441
167cisd_673,303.0,1.75,1.7696923
n203_chloroform,298.0,-15.03,-14.570272
162phen_665,363.15,-5.045283357,-5.056473
224benz_919,288.0,-4.346122766,-4.143375
010brom_40,273.15,-1.236706369,-0.9260863
259prop_1021,343.25,-0.948981874,-0.8982932
049ethy_202,363.65,-0.761436729,-0.69364965
085meth_357,342.95,-2.322230281,-2.3948486
013hept_55,302.95,-3.697353627,-3.7928977
137ethy_576,291.05,-0.953156453,-0.70460236
238form_957,318.15,-6.29056192,-6.2881927
test1057,298.0,-4.1,-4.5071044
0084met_carbontet,298.0,-7.1,-5.9538774
0025buta,298.0,1.38,0.99823725
021benz_92,318.15,-6.144603082,-6.113577
054trif_228,373.15,-2.500425208,-2.5576768
121meth_491,282.15,-3.55856921,-3.332759
085meth_357,312.95,-2.91950174,-2.6916265
105ethy_425,363.45,-2.047325142,-2.402854
197trif_794,373.15,-2.907060498,-2.6821241
0425dbr,298.0,-9.0,-8.567913
194pent_782,343.15,-0.411998029,-0.4020878
184carb_752,283.15,0.080053423,0.03991306
0126eth_chloroform,298.0,-4.44,-3.7197218
081hexa_332,363.35,-2.099824473,-2.1626093
0402adn,298.0,-13.6,-13.609268
186fluo_754,293.15,-0.290147175,-0.07793665
189nmet_775,363.15,-5.356237903,-5.475104
138isob_577,283.15,-2.902059689,-2.5374937
148chlo_615,291.15,-1.240317186,-1.0041734
272prop_1085,373.15,-0.059493522,0.2704345
250nitr_991,283.15,-10.95589681,-10.175007
130nitr_552,328.15,-3.528524154,-3.3172047
004isob_15,353.15,-2.464531031,-2.2680836
178cycl_728,283.0,0.52,0.61136055
222meth_906,334.85,-3.007606053,-2.7970586
033diet_133,273.15,-2.635320039,-2.790609
178cycl_728,288.0,0.7,0.7618774
138isob_577,303.05,-2.25671761,-2.1061854
137ethy_576,280.06,-1.275052423,-1.0018969
018buta_84,343.15,-3.555633585,-3.2286344
015quin_71,333.15,-2.949799072,-3.572894
184carb_752,293.15,0.293539902,0.21393967
test2018,298.0,-18.72,-17.86099
0097pro,298.0,-2.86,-3.2040782
080dich_331,293.15,-0.946230222,-0.6069776
143dich_594,308.15,-1.621254134,-1.4130208
206prop_838,353.45,-1.038949038,-0.79506993
122pipe_500,333.15,-5.784941384,-5.8009586
244dich_977,293.15,-2.217478925,-2.1436272
004isob_15,283.15,-3.655099148,-3.3403897
018buta_84,318.15,-4.087658601,-3.8687887
082nona_342,302.75,-4.198435035,-4.3212986
080dich_331,308.15,-0.619855416,-0.44297612
056buta_230,333.15,-3.659231244,-3.6662946
0055ocr_chloroform,298.0,-7.55,-6.412182
059dich_237,273.15,-2.183638555,-1.4261031
004isob_15,343.15,-2.582796653,-2.3579342
isobutane_methanol,298.0,-1.53,-1.4613109
023hexa_94,328.24,-0.022527447,0.8216511
190pxyl_776,288.0,-0.981891264,-0.72852993
121meth_491,292.25,-3.184583485,-3.064641
0223die,298.0,-1.63,-1.6764007
233tetr_950,323.15,3.581537291,3.51439
0135met,298.0,-3.59,-3.5739646
147hydr_614,333.15,-8.934136717,-8.422445
175tetr_718,312.75,2.133881968,1.6418208
251brom_992,303.15,-0.499414565,-0.38414776
260ethy_1031,343.55,-0.965334741,-1.1957108
049ethy_202,273.15,-3.277532971,-3.435441
041ethy_159,353.15,-3.836736864,-3.4051337
0078pen,298.0,-3.53,-3.2601504
0163chl_methanol,298.0,-2.63,-1.6384072
093pyrr_383,333.15,-4.458338359,-4.4943814
163cycl_666,303.0,0.53,0.7043816
238form_957,308.15,-6.450888148,-6.3581953
test3002,298.0,-13.93,-14.488668
147hydr_614,373.15,-8.39299206,-7.887879
265dime_1062,373.15,-2.687914398,-2.8826647
004isob_15,273.15,-3.857655414,-3.4588485
215nndi_886,353.15,-6.523908741,-6.1130943
162phen_665,277.15,-6.524463081,-6.6779995
085meth_357,273.15,-4.057005697,-3.679575
227hept_923,343.25,-1.747477709,-1.4473109
102hexa_410,313.15,-3.299323604,-3.2373345
061cycl_241,283.15,-6.206513125,-6.1545944
080dich_331,318.15,-0.469336496,-0.26588333
117chlo_487,304.15,-2.329083428,-2.2836766
020nitr_91,323.15,-3.706427121,-3.516645
243meth_971,283.15,-5.124264643,-4.76861
198isoq_797,332.95,-4.841885744,-4.867113
101dime_406,273.15,-2.637622407,-2.9117446
0129ben_chloroform,298.0,-7.22,-6.4774494
177trie_722,373.15,-0.529039871,-0.5398815
083hexa_352,283.15,1.934501778,1.7789439
0198chl,298.0,-0.77,-1.0337204
166chlo_672,298.15,-0.950075497,-0.7238095
083hexa_352,293.15,2.185473696,2.045876
203pent_817,313.15,-3.76650644,-3.7627425
123dibu_505,273.15,-4.669116711,-4.9792285
207anis_848,343.35,-1.692662196,-1.6489285
0031pro,298.0,-0.31,-0.08992529
002dime_2,282.35,-2.757454628,-2.712133
186fluo_754,343.15,0.283098776,0.44828093
002dime_2,293.75,-2.242491661,-2.2155652
0047pro_chloroform,298.0,-4.41,-3.304702
0220tri_chloroform,298.0,-9.74,-10.320071
235acet_952,298.0,-9.777745285,-9.5451565
197trif_794,333.15,-3.535379457,-3.4042
179cycl_732,318.35,0.64559463,0.8651198
133acet_570,282.15,-4.217515406,-3.7397375
008cycl_28,344.25,-4.055664998,-4.033655
0039mxy_carbontet,298.0,-5.71,-4.9727836
036furf_139,300.15,-5.204597757,-5.4779325
015quin_71,274.15,-4.285572751,-4.896714
0062dio_chloroform,298.0,-6.21,-4.269459
103brom_414,303.15,-0.380692269,-0.26453185
095pent_387,343.25,-2.346348812,-1.8336985
010brom_40,293.15,-0.56269602,-0.52751905
156ethy_639,323.15,-2.10454051,-2.207727
0179tri,298.0,-1.98,-1.4587294
026prop_100,323.15,-2.183589649,-2.5086262
217buty_888,283.15,-4.798715993,-4.9570527
0030eth,298.0,-0.01,0.3610835
test2023,298.0,3.43,3.2137718
024chlo_95,298.15,0.115436095,0.18773246
181diis_741,313.15,-2.561422465,-2.6157331
080dich_331,298.15,-0.824361756,-0.5651058
079octy_321,333.15,-1.290875169,-1.4677562
test1049,298.0,-16.4,-15.987799
217buty_888,313.15,-3.838473234,-3.7691264
125dibu_519,363.65,1.575778234,1.2351569
113brom_466,298.13,-0.811560821,-0.5575026
0005npe_methanol,298.0,-1.91,-1.8160998
100tetr_405,363.15,3.00346515,3.23413
024chlo_95,353.15,1.216561354,1.2348446
0160chl,298.0,-0.56,-0.13407815
042cycl_160,343.65,-4.031408428,-4.03772
253dich_996,313.15,-0.995957692,-0.77704704
024chlo_95,363.15,1.336335,1.4355835
137ethy_576,363.14,0.501491517,0.7507752
137ethy_576,288.25,-1.024241537,-0.77875614
005dipr_16,333.15,-2.29432008,-2.503366
137ethy_576,280.25,-1.284710769,-0.99686587
041ethy_159,283.15,-5.619350866,-5.5890255
053tetr_227,303.15,-1.205376897,-1.1378247
132diet_563,313.15,-2.876621824,-2.971278
063octa_255,293.25,-4.118829777,-4.3228045
217buty_888,303.15,-4.134370245,-4.1267214
036furf_139,308.15,-5.06229167,-5.3859534
163cycl_666,288.0,0.11,0.26072276
0082hep,298.0,-3.04,-3.3086796
241fluo_969,333.25,-0.136699709,0.107268095
093pyrr_383,283.15,-5.989338306,-6.030734
029pent_116,333.15,-3.130090781,-3.0371141
091buta_380,273.15,-3.747873673,-3.253129
198isoq_797,321.55,-5.058544998,-4.999919
196ethy_784,343.15,-0.798237623,-0.8893593
137ethy_576,298.0,-0.747030308,-0.50081265
018buta_84,293.15,-4.798025863,-4.577503
213octa_875,333.15,-2.317157261,-2.4595308
233tetr_950,293.15,2.995249212,2.9404492
029pent_116,363.15,-2.433167853,-2.3028715
0117met,298.0,-5.57,-5.618442
040dime_157,298.15,2.361994571,2.498766
033diet_133,298.0,-1.96205623,-2.0849986
029pent_116,323.15,-3.477713876,-3.3142228
250nitr_991,293.15,-10.74432478,-9.940575
test1039,298.0,-15.5,-18.424164
0143dip,298.0,-1.27,-0.6600481
231ally_947,303.15,-3.59237466,-3.5575132
129naph_551,282.4,-2.818858247,-2.4071178
033diet_133,292.15,-2.108387614,-2.254868
250nitr_991,373.15,-9.687701738,-8.750896
0117met_chloroform,298.0,-6.99,-6.067493
170meth_681,283.15,-2.807815743,-2.3125257
test1023,298.0,-5.7,-6.9792314
227hept_923,273.15,-3.985159168,-3.7831197
024chlo_95,293.15,-0.006329118,0.10799754
026prop_100,303.15,-2.643458704,-3.009748
008cycl_28,292.65,-5.201534326,-4.886439
134brom_571,288.35,-1.701753694,-1.128725
093pyrr_383,293.15,-5.643323992,-5.5981927
079octy_321,292.15,-3.026209144,-2.6655045
035oxyl_138,308.0,-0.678688078,-0.22915518
222meth_906,345.05,-2.95025488,-2.6822543
087meth_361,313.15,-4.323560501,-4.3682275
205hept_828,318.15,3.479504093,3.399251
136etha_574,333.15,-4.204906271,-4.0049863
101dime_406,282.45,-2.250713916,-2.5739818
272prop_1085,333.15,-0.367958246,0.068983674
221isop_900,273.15,-3.321249769,-3.8486624
095pent_387,283.15,-3.796093867,-3.5215616
142meth_590,293.15,-2.818747467,-2.8280296
137ethy_576,298.15,-0.732936158,-0.49630916
116tran_482,278.0,1.17,1.5702249
036furf_139,300.35,-5.200733622,-5.4759545
023hexa_94,308.61,-0.110097845,0.18867588
196ethy_784,303.75,-1.9469473,-1.9439187
236ethy_953,303.15,-4.827857742,-4.835991
247hydr_987,344.15,-0.195891656,0.1446048
0135met_chloroform,298.0,-8.3,-7.478731
038diis_151,304.15,-0.997818808,-0.8836368
206prop_838,312.65,-2.054579538,-1.841429
002dime_2,303.95,-1.844593625,-1.8297206
004isob_15,303.15,-3.239877523,-3.0788088
083hexa_352,343.15,3.373126625,3.2815318
198isoq_797,318.65,-5.11494858,-5.030578
130nitr_552,333.15,-3.487389698,-3.289451
074octa_295,308.15,3.327066996,3.2195306
219acet_898,283.15,-3.813869402,-3.7319908
135dich_572,288.15,-3.740361212,-4.669503
228dime_933,312.65,-6.211670843,-6.288972
174hexa_712,372.25,4.203224889,4.415884
087meth_361,343.65,-3.467190824,-3.6433415
0138pro,298.0,-1.05,-0.3507458
130nitr_552,323.15,-3.652189786,-3.335435
169tric_679,313.15,-1.59275208,-1.3367234
219acet_898,318.15,-3.242705699,-3.1233652
122pipe_500,283.15,-8.100586072,-8.145452
0088but_chloroform,298.0,-5.99,-5.989377
065chlo_267,303.15,-0.97198327,-0.79253244
0086eth_chloroform,298.0,-4.74,-4.1456037
084tert_354,273.15,-2.717241211,-2.9741583
070prop_277,285.65,-2.802494424,-2.896449
n008_chloroform,298.0,-11.06,-10.286192
086acet_360,285.15,-4.360958563,-4.113653
263isob_1051,292.65,-4.085162614,-3.777649
0129ben,298.0,-4.1,-3.58282
022nitr_93,323.15,-2.72913747,-2.607614
251brom_992,283.15,-0.98705887,-0.72468877
215nndi_886,363.15,-6.338597591,-5.880149
265dime_1062,363.15,-2.871309161,-3.093834
095pent_387,313.45,-2.956337802,-2.4894638
0134nit_carbontet,298.0,-6.92,-5.4996004
103brom_414,273.15,-1.176487204,-0.6743449
018buta_84,288.15,-4.961104056,-4.710333
024chlo_95,313.15,0.493793602,0.46874857
073meth_294,333.15,-3.930898596,-3.7712579
248tric_988,303.25,-2.392583394,-2.0249858
032pipe_131,283.15,-5.663716658,-5.6179595
167cisd_673,308.0,1.91,1.9221448
042cycl_160,312.45,-4.9520056,-4.938518
145buty_600,353.15,-2.708002966,-2.9028711
267octa_1065,364.15,-1.064044008,-1.1279331
228dime_933,302.85,-6.421453376,-6.525289
016nona_72,323.15,-2.444330981,-3.0296302
054trif_228,273.15,-4.959301016,-4.923228
247hydr_987,373.15,-0.061987967,0.02640152
016nona_72,313.15,-2.946606873,-3.4506478
128isop_541,323.15,-1.580542656,-1.4465684
212chlo_874,298.15,-0.563700393,-0.16188192
252phen_995,304.0,-3.610913408,-3.2693992
260ethy_1031,283.15,-2.63346002,-2.928537
203pent_817,373.15,-2.711906835,-2.887885
264brom_1061,298.15,-0.714041323,-0.4034189
072meth_293,293.65,1.988953675,2.306025
162phen_665,373.15,-4.947410702,-5.278225
056buta_230,358.15,-3.210861422,-3.3738503
044hept_177,333.45,-2.546759618,-2.781847
004isob_15,313.15,-3.071465156,-2.896575
151tetr_627,313.15,0.471886186,0.64821315
253dich_996,295.15,-1.36314315,-0.9663017
253dich_996,293.15,-1.375293114,-1.0023483
133acet_570,333.15,-3.171778171,-2.9549823
0076but_chloroform,298.0,-5.43,-4.4518166
023hexa_94,313.74,-0.067567334,0.35139382
147hydr_614,273.15,-10.33167803,-10.132898
190pxyl_776,353.14,0.373987373,0.668759
093pyrr_383,373.15,-3.563522445,-3.7331867
208tetr_850,273.15,-3.261207568,-2.6712437
197trif_794,353.15,-3.196867499,-3.0024261
129naph_551,303.2,-2.264663376,-1.9959978
113brom_466,273.15,-1.313328574,-0.72537935
177trie_722,343.15,-1.311700944,-1.5166562
253dich_996,286.65,-1.52137654,-1.1139644
250nitr_991,313.15,-10.37755421,-9.593002
099prop_404,277.15,1.399295679,1.6363915
137ethy_576,318.0,-0.171064816,0.037275195
231ally_947,343.15,-3.065662965,-3.0664454
098dime_400,293.15,-7.80948547,-7.452751
126nitr_529,323.15,-3.063834001,-3.4119568
036furf_139,293.15,-5.314511923,-5.524191
122pipe_500,313.15,-6.670132914,-6.712716
186fluo_754,363.15,0.435978161,0.549039
059dich_237,313.15,-0.950550392,-0.7700199
253dich_996,288.15,-1.482648766,-1.0958186
0035ben_carbontet,298.0,-4.5,-2.9948695
147hydr_614,353.15,-8.62758483,-8.115956
080dich_331,353.15,-0.035418859,0.34043896
108hexy_433,323.15,-3.179489724,-3.0872061
013hept_55,363.35,-1.633873361,-2.2054958
190pxyl_776,343.14,0.227364509,0.49272203
221isop_900,282.15,-3.060663226,-3.565105
test0001,298.0,-8.84,-9.280827
061cycl_241,293.15,-5.75892863,-5.7110405
215nndi_886,283.15,-8.095251308,-7.7340956
0087pro,298.0,-6.47,-6.8128724
042cycl_160,363.75,-3.588510425,-3.6200485
015quin_71,373.15,-2.500436063,-3.1470313
005dipr_16,343.15,-1.987927065,-2.1648517
253dich_996,290.25,-1.440691684,-1.0634845
186fluo_754,273.15,-0.603454976,-0.30163586
250nitr_991,303.15,-10.55175291,-9.760817
100tetr_405,343.15,2.766384478,2.8425064
0421dfl,298.0,1.69,1.3157905
262cycl_1049,313.35,-4.954236057,-4.7035365
114dipr_467,363.15,0.252398687,0.6081029
141dich_589,308.15,-1.175722186,-0.88561237
081hexa_332,303.05,-3.93269327,-4.1550703
123dibu_505,333.15,-1.771462336,-1.9822179
098dime_400,333.15,-6.053331365,-5.9644527
102hexa_410,353.15,-2.299657303,-2.2980509
108hexy_433,303.15,-3.841723592,-3.790483
test3019,298.0,-6.71,-7.1659107
255cycl_1006,293.15,0.685429019,0.6870855
0115dip,298.0,-3.66,-4.3892374
108hexy_433,313.15,-3.493861502,-3.378162
004isob_15,333.15,-2.738221003,-2.5073748
137ethy_576,293.25,-0.874717036,-0.64139557
005dipr_16,283.15,-4.386474616,-4.528688
0219hyd_chloroform,298.0,-0.51,-0.44853413
0403thi_chloroform,298.0,-9.71,-10.498712
197trif_794,283.15,-4.713694952,-4.5371175
139dich_584,308.15,-3.787580714,-3.8533692
169tric_679,303.15,-1.781009897,-1.5228769
0050met_methanol,298.0,-5.31,-4.337518
032pipe_131,313.15,-4.60479288,-4.737276
0579pyy_chloroform,298.0,-5.5,-4.175229
0136met,298.0,-1.24,-0.956198
264brom_1061,288.15,-0.930921674,-0.48793042
137ethy_576,353.14,0.352206402,0.6012697
184carb_752,274.15,-0.130211204,-0.11618805
215nndi_886,343.15,-6.718430965,-6.3421164
008cycl_28,333.65,-4.25829599,-4.093608
041ethy_159,363.15,-3.61192422,-3.1081562
123dibu_505,313.15,-2.61353287,-2.842125
0215pbr,298.0,-7.13,-7.6512294
053tetr_227,313.15,-0.971944139,-0.9341155
121meth_491,302.85,-2.812281818,-2.814318
026prop_100,313.15,-2.438065427,-2.662692
272prop_1085,343.15,-0.257031456,0.14752805
018buta_84,273.15,-5.445935238,-5.1700974
132diet_563,283.05,-3.770704101,-3.466495
126nitr_529,333.15,-2.89893367,-3.2045972
174hexa_712,308.15,2.836755894,2.7924309
172pent_692,273.15,-3.529375033,-3.1172523
test1060,298.0,-8.9,-9.532217
099prop_404,347.25,2.910269382,2.8514519
195meth_783,283.15,-5.382949169,-5.193732
194pent_782,293.15,-1.65938644,-1.2552813
212chlo_874,298.16,-0.564617305,-0.16179144
080dich_331,275.15,-1.40785723,-0.8320142
018buta_84,353.15,-3.361837961,-3.0160656
0084met_chloroform,298.0,-7.81,-6.956439
252phen_995,298.0,-3.762706836,-3.3836455
151tetr_627,333.15,0.886826182,0.8965856
212chlo_874,363.15,0.236147543,0.44118333
024chlo_95,303.15,0.231435327,0.28121436
022nitr_93,313.15,-2.885675289,-2.6765862
033diet_133,288.15,-2.226498287,-2.3654919
169tric_679,353.15,-1.018630707,-0.6754135
051buty_215,292.65,-2.571959951,-2.6613579
139dich_584,288.15,-4.528343898,-4.6967945
137ethy_576,308.15,-0.479608621,-0.20334327
134brom_571,292.75,-1.580332161,-1.0654719
032pipe_131,353.15,-3.530034356,-3.5278473
216anth_887,291.0,-3.778193049,-3.4974284
151tetr_627,293.15,-0.067575232,0.3880769
169tric_679,283.15,-2.288450104,-1.8663006
264brom_1061,278.15,-1.161872378,-0.5950695
265dime_1062,303.15,-4.428958605,-4.675463
049ethy_202,304.15,-2.234748231,-2.4534674
183vale_749,313.15,-3.242109941,-2.9536662
219acet_898,303.15,-3.444622838,-3.3791323
266dime_1063,303.0,3.2,3.061236
228dime_933,273.15,-7.156133748,-7.426232
170meth_681,284.0,-2.769478834,-2.291489
100tetr_405,318.15,2.348162023,2.3802419
095pent_387,323.15,-2.748381677,-2.216434
029pent_116,273.15,-5.159292114,-5.306411
021benz_92,328.15,-5.892216519,-5.75916
018buta_84,373.15,-3.101964341,-2.5313387
018buta_84,323.15,-3.970310841,-3.7318668
029pent_116,353.15,-2.626143758,-2.5314527
262cycl_1049,323.15,-4.778200493,-4.5833983
125dibu_519,282.45,-1.689896327,-1.3808056
231ally_947,333.15,-3.16897624,-3.1461337
143dich_594,279.15,-2.217488324,-1.784812
128isop_541,292.55,-2.512112858,-2.2131019
163cycl_666,293.0,0.26,0.40942514
247hydr_987,293.15,-0.596629926,-0.31074774
263isob_1051,363.35,-2.665002844,-2.2331634
205hept_828,313.25,3.247343152,3.2378173
087meth_361,363.85,-3.024269524,-3.414865
007meth_27,333.15,-3.873788941,-3.697867
233tetr_950,313.15,3.41538633,3.3463516
098dime_400,363.15,-4.960762711,-5.158625
059dich_237,363.15,-0.19477762,-0.17371237
183vale_749,363.15,-2.593649787,-2.0946813
095pent_387,298.15,-3.318376341,-3.0045753
0185bro,298.0,-0.08,-0.14234841
046ethy_190,304.05,-3.88011834,-3.7900395
0018cyc_chloroform,298.0,-4.45,-4.156672
267octa_1065,333.55,-2.127521416,-2.0991826
100tetr_405,283.15,1.576137572,1.7766589
0172Edi,298.0,-0.76,-0.46256232
102hexa_410,363.15,-2.078290337,-2.0840807
044hept_177,363.35,-1.711317036,-1.9752237
215nndi_886,293.15,-7.839203007,-7.5389013
190pxyl_776,373.14,0.568233197,1.0050744
061cycl_241,353.65,-3.80840299,-3.861813
095pent_387,333.25,-2.540916889,-2.0220807
013hept_55,323.15,-2.923811962,-3.114676
142meth_590,298.0,-2.754969581,-2.7563267
101dime_406,293.15,-1.966160967,-2.146254
test2017,298.0,-7.0,-6.312727
142meth_590,283.0,-3.116532207,-2.9669137
036furf_139,325.15,-4.866013914,-5.18971
196ethy_784,353.45,-0.541695558,-0.7778369
0100met_carbontet,298.0,-6.39,-5.7422934
0242dii,298.0,-0.53,-0.12095308
017etha_82,298.51,-6.845807778,-6.861253
0107tri,298.0,-3.23,-2.8443134
059dich_237,307.65,-1.07652448,-0.8441813
029pent_116,293.15,-4.411444556,-4.4222946
227hept_923,312.85,-2.570135407,-2.1673281
141dich_589,313.15,-1.083100606,-0.81730354
049ethy_202,333.55,-1.437601195,-1.4825228
044hept_177,313.15,-3.324909285,-3.4548802
203pent_817,323.15,-3.545741211,-3.569766
053tetr_227,283.15,-1.749795059,-1.576265
175tetr_718,293.05,1.049856755,0.6541072
054trif_228,293.15,-4.299692256,-4.1277
163cycl_666,308.0,0.67,0.84844625
018buta_84,353.25,-3.416486105,-3.0137196
046ethy_190,273.15,-5.386760268,-5.251309
190pxyl_776,303.14,-0.558698971,-0.3905021
113brom_466,303.16,-0.735847821,-0.51168585
177trie_722,293.15,-3.253719342,-3.2343473
170meth_681,291.0,-2.552916714,-2.1172006
084tert_354,313.15,-1.486708443,-1.6053112
212chlo_874,288.21,-0.720972485,-0.2528423
065chlo_267,323.15,-0.5674745,-0.53560054
266dime_1063,298.0,3.02,2.909308
test1044,298.0,-3.6,-4.316329
134brom_571,293.15,-1.529514628,-1.0600287
194pent_782,313.15,-1.077625388,-0.8556553
059dich_237,353.15,-0.286631354,-0.28060675
0058hep_carbontet,298.0,-6.49,-5.6289496
212chlo_874,307.75,-0.43443378,-0.07760477
0048pro_chloroform,298.0,-4.28,-3.590302
0402adn_chloroform,298.0,-12.51,-12.278416
243meth_971,312.95,-4.062197511,-3.7019157
test0013,298.0,-6.34,-6.2647924
141dich_589,283.15,-1.587594726,-1.243572
114dipr_467,303.15,-1.031477534,-0.92620075
212chlo_874,277.24,-0.9162197,-0.36290348
n009,298.0,-5.56,-6.051426
086acet_360,353.15,-3.510220838,-3.0819771
018buta_84,313.15,-4.2195232,-4.001268
190pxyl_776,273.15,-1.46014369,-1.0092415
213octa_875,343.15,-1.977888797,-2.1551745
042cycl_160,303.85,-5.343398235,-5.2448063
253dich_996,275.15,-1.816069198,-1.2612984
187diet_755,322.85,-4.727618977,-5.1448493
0112Nme,298.0,-7.77,-7.403757
116tran_482,283.0,1.36,1.7243377
test2006,298.0,-15.83,-16.359062
036furf_139,339.15,-4.70153391,-5.0238366
036furf_139,371.05,-4.41917124,-4.5543923
218tetr_891,353.15,-3.69468596,-3.7156787
137ethy_576,373.14,0.599162961,0.9027175
0220tri_carbontet,298.0,-7.24,-6.612458
101dime_406,343.35,-0.545550385,-0.70050466
236ethy_953,333.15,-4.106380149,-4.3015747
018buta_84,298.0,-4.645285086,-4.4343457
259prop_1021,293.25,-2.39951135,-2.3652143
163cycl_666,313.0,0.8,0.9904064
n007,298.0,-13.8,-13.650454
169tric_679,328.15,-1.372234513,-1.0742213
190pxyl_776,313.14,-0.33094315,-0.16529131
263isob_1051,333.35,-3.152117609,-2.8761272
008cycl_28,313.25,-4.684635521,-4.422439
080dich_331,313.15,-0.554956053,-0.3566581
081hexa_332,298.15,-4.169677846,-4.3813634
134brom_571,283.15,-1.805463498,-1.2068462
0165tri,298.0,-0.25,0.025828004
054trif_228,303.15,-4.010010508,-3.841216
145buty_600,293.15,-3.73470063,-3.850462
test1025,298.0,-9.9,-9.156049
046ethy_190,323.15,-3.230873602,-3.0264637
203pent_817,343.15,-3.16782083,-3.240528
224benz_919,283.0,-4.471071859,-4.2006884
213octa_875,283.15,-4.564810381,-4.6933002
059dich_237,295.35,-1.469260119,-1.0703989
134brom_571,313.15,-1.118923131,-0.81122255
042cycl_160,333.55,-4.33059411,-4.2905254
0162tri,298.0,-1.07,-0.87728786
142meth_590,278.0,-3.244357908,-3.0363228
099prop_404,283.15,1.606603646,1.7389773
123dibu_505,373.15,-0.422212316,-0.5414766
216anth_887,304.0,-3.44774657,-3.270115
n015,298.0,-9.92,-10.091904
233tetr_950,363.15,3.973691992,3.8834853
051buty_215,313.05,-1.955185822,-2.0435746
042cycl_160,323.45,-4.587523533,-4.585423
023hexa_94,303.71,-0.164214117,0.037020445
208tetr_850,323.15,-1.830174008,-1.6554139
test1011,298.0,-3.5,-3.5266795
060dibr_238,333.15,-1.491166021,-1.1660769
132diet_563,293.25,-3.451346683,-3.2718496
044hept_177,323.15,-2.906271105,-3.1064696
n200_chloroform,298.0,-14.31,-14.830746
0233ethb_chloroform,298.0,-7.05,-6.4434047
081hexa_332,303.15,-3.978212623,-4.1506314
099prop_404,337.65,2.764232183,2.6979141
043hexa_167,308.15,-5.940565178,-6.031666
test1001,298.0,-5.7,-5.3865676
114dipr_467,313.15,-0.728304953,-0.6301404
0129ben_carbontet,298.0,-6.28,-5.166906
099prop_404,304.65,2.148689035,2.1463032
186fluo_754,273.21,-0.555730288,-0.30135167
0119met_chloroform,298.0,-6.98,-6.1914287
060dibr_238,303.15,-1.932644744,-1.5580604
262cycl_1049,283.15,-5.613114935,-5.168682
0217wat,298.0,-6.31,-6.3425965
081hexa_332,313.15,-3.583846041,-3.7171907
215nndi_886,323.15,-7.136198769,-6.7762384
0048pro_carbontet,298.0,-3.15,-3.0706725
266dime_1063,283.0,2.37,2.4064174
195meth_783,323.15,-4.30888643,-4.192511
0101pen_chloroform,298.0,-7.36,-7.179857
040dime_157,328.25,3.137650468,3.184741
240meth_959,363.65,-3.091480607,-3.0744476
0037eth_chloroform,298.0,-5.84,-5.3097553
206prop_838,333.15,-1.483118991,-1.298693
208tetr_850,303.15,-2.340994063,-2.0793273
113brom_466,313.15,-0.57136988,-0.40595365
0057pcr_carbontet,298.0,-6.32,-5.563853
262cycl_1049,343.65,-4.482345777,-4.29768
091buta_380,283.15,-3.437011306,-3.0601485
0238met,298.0,-2.04,-3.1142364
105ethy_425,343.65,-2.46384893,-2.5143156
0144thi_carbontet,298.0,-5.66,-5.287852
105ethy_425,353.35,-2.199286724,-2.4481049
259prop_1021,282.75,-2.790065852,-2.7777407
169tric_679,333.15,-1.257605258,-0.9889823
137ethy_576,293.06,-0.856491759,-0.6470078
148chlo_615,303.15,-0.995258725,-0.8894993
212chlo_874,333.15,-0.05982888,0.14293599
0218pho,298.0,0.6,0.58927214
217buty_888,323.15,-3.565724274,-3.4849405
test1058,298.0,-11.2,-10.175636
247hydr_987,353.15,-0.130964538,0.1497153
015quin_71,313.15,-3.28491096,-3.907844
228dime_933,353.25,-5.481932797,-5.61552
016nona_72,363.65,-1.136315873,-1.5823407
241fluo_969,343.15,0.074933235,0.16108572
122pipe_500,353.15,-4.950644169,-4.983903
122pipe_500,323.15,-6.220981388,-6.239417
0213bis,298.0,-3.92,-3.3672786
137ethy_576,285.1,-1.109985343,-0.86519563
272prop_1085,283.15,-1.292835579,-0.58076406
0093met_chloroform,298.0,-4.9,-4.8219357
255cycl_1006,303.15,0.880409691,0.8681668
114dipr_467,343.15,-0.033176233,0.17420399
187diet_755,282.65,-6.061434923,-6.3676243
217buty_888,373.15,-2.525550892,-2.5574427
0207tri,298.0,-4.31,-3.878364
240meth_959,343.35,-3.494147986,-3.3659582
026prop_100,333.25,-1.952145938,-2.458537
102hexa_410,293.15,-3.931681203,-3.9044724
112bisc_456,364.85,-2.368279239,-2.407345
086acet_360,279.15,-4.476971941,-4.1806903
169tric_679,273.15,-2.532516628,-2.000945
054trif_228,353.15,-2.860975324,-2.7227755
142meth_590,323.15,-2.265767426,-2.3916965
022nitr_93,303.15,-3.05752817,-2.8355663
219acet_898,298.0,-3.491476358,-3.4486265
137ethy_576,288.0,-0.998078201,-0.7855842
251brom_992,273.15,-1.282112975,-0.91550064
038diis_151,323.85,-0.180903612,-0.23445368
100tetr_405,308.15,2.166171208,2.213007
059dich_237,278.15,-1.99842985,-1.3644239
0034hex,298.0,0.29,0.4807254
170meth_681,313.15,-2.063824537,-1.6872917
007meth_27,343.15,-3.695470077,-3.507152
027oxop_109,308.15,-6.359205697,-6.438114
195meth_783,353.15,-3.720716228,-3.6792192
108hexy_433,333.15,-2.89757155,-2.8241506
073meth_294,353.15,-3.564380566,-3.394888
246meth_979,313.15,-6.669281253,-6.318383
247hydr_987,313.15,-0.39932302,-0.08287585
0081dim,298.0,-2.89,-2.4882789
0020cis,298.0,1.58,1.6331729
136etha_574,313.15,-4.544755955,-4.3034286
084tert_354,302.75,-1.787287026,-1.9398272
246meth_979,343.15,-5.788327602,-5.678459
086acet_360,343.15,-3.592224109,-3.2241302
0084met,298.0,-4.58,-4.5729365
265dime_1062,353.15,-3.075440027,-3.3338857
262cycl_1049,293.25,-5.3850761,-5.0176725
099prop_404,295.95,1.94972754,1.9803172
017etha_82,287.36,-7.015661454,-7.097419
224benz_919,293.15,-4.252695406,-4.0748477
215nndi_886,333.15,-6.922432765,-6.554181
029pent_116,303.15,-4.076510336,-4.044459
177trie_722,363.15,-0.760178797,-0.8538324
026prop_100,308.15,-2.481227216,-2.8254793
137ethy_576,291.2,-0.91545672,-0.7005185
212chlo_874,273.15,-1.008826806,-0.40041804
021benz_92,313.15,-6.278127244,-6.288332
033diet_133,303.15,-1.800856663,-1.935498
005dipr_16,313.15,-3.015598884,-3.1977391
228dime_933,282.75,-6.878928577,-7.082856
241fluo_969,303.15,-0.667803367,-0.3570993
026prop_100,282.65,-3.304415868,-4.0705147
081hexa_332,343.15,-2.667731292,-2.6876888
212chlo_874,323.15,-0.184406438,0.05556321
260ethy_1031,273.15,-3.007277515,-3.1941633
183vale_749,283.15,-3.961477049,-3.5801878
265dime_1062,283.15,-5.139040906,-5.2781177
186fluo_754,323.15,0.087884345,0.2660482
195meth_783,303.15,-4.802293206,-4.588117
016nona_72,283.05,-4.719175379,-4.959597
114dipr_467,353.15,0.124107492,0.39597213
238form_957,313.15,-6.372118413,-6.3215837
123dibu_505,303.15,-3.079473187,-3.2671604
113brom_466,278.16,-1.175305132,-0.68977517
197trif_794,293.15,-4.429849667,-4.299299
073meth_294,283.15,-5.210837432,-5.360202
079octy_321,353.35,-0.868558378,-1.046253
010brom_40,303.15,-0.248982595,-0.3065498
175tetr_718,344.45,3.583819465,3.3165307
233tetr_950,353.15,3.914931203,3.8600044
105ethy_425,323.15,-2.959642357,-2.9754999
0154dif,298.0,-0.11,-0.13131201
133acet_570,283.0,-4.164378628,-3.7253857
267octa_1065,313.55,-2.769949301,-2.8178353
0139thi,298.0,-2.55,-2.71738
112bisc_456,343.75,-2.666383075,-2.5183506
test2026,298.0,-9.37,-9.127107
084tert_354,282.35,-2.432190606,-2.6216278
212chlo_874,373.15,0.310100489,0.5321282
059dich_237,338.35,-0.463089925,-0.44760597
128isop_541,333.25,-1.229560888,-1.2372015
224benz_919,323.15,-3.615568157,-3.6716409
n014,298.0,-3.58,-3.3116848
081hexa_332,323.15,-3.213717153,-3.3291712
109ethy_443,278.0,1.03,1.17146
189nmet_775,343.15,-5.645980608,-5.7650084
test3020,298.0,-6.3,-6.475038
195meth_783,373.15,-3.423128554,-3.4281645
112bisc_456,293.15,-3.618224597,-3.1607478
044hept_177,292.65,-4.222557699,-4.3436666
044hept_177,303.85,-3.696793228,-3.8223705
151tetr_627,298.15,0.076561852,0.4482758
174hexa_712,342.85,3.626942377,3.7680593
0220tri,298.0,-8.7,-10.534286
233tetr_950,333.15,3.719624864,3.6646333
181diis_741,363.15,-0.841692096,-1.1485381
063octa_255,333.45,-2.36261152,-2.6008544
0040pxy,298.0,-0.81,-0.37768996
259prop_1021,312.65,-1.698380824,-1.6624571
221isop_900,308.15,-2.254223196,-2.8174834
091buta_380,343.15,-1.968496492,-1.658396
091buta_380,303.15,-2.81116366,-2.6979432
099prop_404,299.15,2.031419489,2.042612
222meth_906,294.15,-3.466482558,-3.4568639
072meth_293,324.95,2.48063526,2.55899
0082hep_carbontet,298.0,-6.12,-5.37749
049ethy_202,323.15,-1.666417054,-1.8271141
059dich_237,288.15,-1.677613556,-1.2029698
098dime_400,303.15,-7.336337728,-7.0893035
203pent_817,273.15,-4.94888969,-4.9373946
138isob_577,343.25,-1.253978922,-1.1705312
0200tet,298.0,3.16,2.8525395
test1018,298.0,-3.4,-3.9162354
252phen_995,277.1,-4.294177401,-3.899417
134brom_571,323.15,-0.96162819,-0.6839497
169tric_679,308.15,-1.710220816,-1.4270042
151tetr_627,283.15,-0.368107479,0.26350188
236ethy_953,293.15,-5.180663703,-5.131032
059dich_237,346.55,-0.342437954,-0.3560338
0246eth_chloroform,298.0,-7.16,-6.4330096
235acet_952,333.15,-8.875846101,-8.8868065
0054hex,298.0,-4.36,-4.1998935
083hexa_352,373.15,4.036715106,3.7051954
253dich_996,278.15,-1.711319179,-1.2167147
137ethy_576,293.15,-0.902895497,-0.64434767
235acet_952,297.65,-9.777745285,-9.552756
183vale_749,273.15,-4.194742136,-3.784134
215nndi_886,313.15,-7.36003123,-7.018947
026prop_100,273.15,-3.586116768,-4.530722
test2010,298.0,-9.4,-9.157659
170meth_681,277.1,-2.987100432,-2.4570055
0441pho_chloroform,298.0,-9.51,-8.681591
145buty_600,333.15,-3.000275791,-3.1743212
051buty_215,333.25,-1.46154928,-1.4627179
0097pro_chloroform,298.0,-6.35,-5.652173
267octa_1065,302.85,-3.138034633,-3.1476152
033diet_133,283.15,-2.367623691,-2.5016823
221isop_900,335.35,-1.707263709,-2.122338
168nitr_678,303.15,-3.541384772,-3.3158903
0004nbu_methanol,298.0,-1.72,-1.32377
186fluo_754,293.34,-0.27622215,-0.0757823
109ethy_443,293.0,1.6,1.6230353
036furf_139,289.15,-5.382179145,-5.541491
264brom_1061,273.15,-1.285421476,-0.65084076
224benz_919,343.15,-3.306900147,-3.2827802
n186_chloroform,298.0,-9.82,-9.215094
256hexa_1007,288.15,-0.291095893,0.22466576
114dipr_467,283.15,-1.754240125,-1.4899079
156ethy_639,292.65,-2.908579702,-2.8633013
194pent_782,283.15,-1.983580344,-1.4848834
183vale_749,303.15,-3.451331863,-3.1856298
test0012,298.0,-2.93,-3.4109602
046ethy_190,313.45,-3.561165609,-3.395378
189nmet_775,323.15,-6.032063397,-6.032841
260ethy_1031,323.25,-1.412846123,-1.8199137
215nndi_886,373.15,-6.162243806,-5.6506453
109ethy_443,283.0,1.23,1.318869
036furf_139,313.15,-5.005860145,-5.326843
212chlo_874,283.32,-0.801455425,-0.29936588
215nndi_886,298.0,-7.715363697,-7.4033375
197trif_794,303.15,-4.172862246,-4.0666533
059dich_237,338.25,-0.446140054,-0.4487357
0240met_carbontet,298.0,-7.19,-6.2894154
137ethy_576,279.33,-1.314207887,-1.0212692
008cycl_28,363.85,-3.769326763,-3.871934
121meth_491,273.15,-3.903415194,-3.5931377
0035ben_chloroform,298.0,-4.64,-3.9036684
112bisc_456,304.15,-3.364367901,-2.9803987
015quin_71,293.15,-3.730620867,-4.3037224
253dich_996,298.05,-1.290328086,-0.92695725
207anis_848,354.35,-1.531714178,-1.3682035
073meth_294,343.15,-3.737874644,-3.5606456
250nitr_991,273.15,-11.1871403,-10.479208
218tetr_891,283.15,-5.376648747,-5.1756754
0239oct,298.0,-2.88,-2.999576
053tetr_227,353.15,-0.300695063,-0.30808806
109ethy_443,288.0,1.42,1.4724687
162phen_665,349.05,-5.281598934,-5.138523
0403thi,298.0,-10.4,-10.83115
238form_957,303.15,-6.50891998,-6.4004645
test3005,298.0,-10.91,-9.658726
137ethy_576,284.95,-1.126992855,-0.8691611
240meth_959,353.45,-3.336702288,-3.2254663
083hexa_352,323.15,2.910936629,2.8155475
010brom_40,298.15,-0.401464963,-0.42059135
189nmet_775,303.15,-6.520456239,-6.4548264
101dime_406,353.35,-0.327274192,-0.54479516
231ally_947,323.15,-3.315733183,-3.2536225
141dich_589,288.15,-1.498320662,-1.182599
024chlo_95,298.0,0.115436095,0.18567526
0216amm_chloroform,298.0,-2.41,-2.0427399
145buty_600,313.15,-3.355056413,-3.5477724
070prop_277,277.15,-3.023060056,-3.0575676
133acet_570,304.15,-3.72288027,-3.3357005
187diet_755,312.95,-5.071860489,-5.485092
169tric_679,286.05,-2.203959895,-1.8291153
056buta_230,353.19,-3.253097234,-3.4368281
156ethy_639,343.35,-1.67546489,-1.8007834
0006nhe,298.0,2.49,2.4080715
085meth_357,323.15,-2.724710461,-2.5886111
186fluo_754,333.15,0.190940015,0.381863
247hydr_987,333.15,-0.247072088,0.045318484
142meth_590,313.15,-2.409216147,-2.5187984
0039mxy,298.0,-0.84,-0.39438796
220tric_899,298.15,-0.589373433,-0.7706677
0061tet,298.0,-3.47,-2.3258371
247hydr_987,303.15,-0.495228449,-0.17518795
179cycl_732,317.95,0.635698943,0.8567499
196ethy_784,273.15,-3.049618002,-2.9947124
0422ftc_chloroform,298.0,-2.62,-2.442336
145buty_600,343.15,-2.827577082,-3.018639
0145pro,298.0,-5.08,-5.359853
175tetr_718,282.55,0.522260063,0.13434672
0052pen_chloroform,298.0,-5.9,-5.3491187
0047pro,298.0,-4.83,-4.6625605
137ethy_576,296.65,-0.792935926,-0.5412382
108hexy_433,293.15,-4.22418113,-4.2753706
0121met_chloroform,298.0,-7.5,-6.540705
046ethy_190,343.35,-2.644201421,-2.4303174
029pent_116,298.0,-4.219527138,-4.229032
073meth_294,313.15,-4.377918007,-4.33353
023hexa_94,287.7,-0.483630424,-0.4285277
217buty_888,293.15,-4.454179165,-4.5502
217buty_888,353.15,-2.879411546,-2.9050758
137ethy_576,295.15,-0.824433711,-0.5858842
036furf_139,283.15,-5.488517182,-5.5638723
049ethy_202,353.45,-1.009080828,-0.9202255
087meth_361,353.65,-3.252396872,-3.5095181
208tetr_850,333.15,-1.622110738,-1.4667176
127form_539,308.64,-6.738292055,-6.3842773
224benz_919,353.15,-3.224847956,-3.0630722
0046eth_chloroform,298.0,-5.98,-5.162571
151tetr_627,303.15,0.215242051,0.51067054
267octa_1065,282.85,-4.277816239,-3.8074207
175tetr_718,354.45,3.986890113,3.5777078
002dime_2,343.65,-0.508580129,-0.66075516
117chlo_487,284.15,-2.847816948,-2.706439
n201,298.0,-15.46,-15.228931
125dibu_519,293.05,-1.164206828,-0.8810554
156ethy_639,273.15,-3.535415753,-3.3298912
051buty_215,273.15,-3.24559038,-3.29392
243meth_971,333.25,-3.504302163,-3.1742613
207anis_848,323.35,-2.034463058,-1.9993192
018buta_84,363.15,-3.219097424,-2.7756143
263isob_1051,322.85,-3.376872043,-3.0116234
026prop_100,353.15,-1.576888302,-2.374086
262cycl_1049,363.85,-4.314230459,-3.9733224
212chlo_874,313.06,-0.354598591,-0.031744957
0506nit_carbontet,298.0,-3.52,-2.6261363
235acet_952,293.15,-9.891809289,-9.655791
0101pen_carbontet,298.0,-6.35,-6.045429
183vale_749,343.15,-2.810968194,-2.429441
174hexa_712,298.15,2.537811027,2.4326
043hexa_167,293.15,-6.377161434,-6.175785
196ethy_784,282.15,-2.620112307,-2.6827888
065chlo_267,283.15,-1.459549623,-1.1179795
test4001_chloroform,298.0,-6.6,-5.224534
139dich_584,318.15,-3.480636949,-3.567428
100tetr_405,373.15,3.092499701,3.4448032
test1027,298.0,-5.7,-5.7488184
018buta_84,343.35,-3.599008011,-3.2241488
114dipr_467,293.15,-1.37301947,-1.2135769
134brom_571,308.15,-1.245550445,-0.87815344
081hexa_332,283.25,-4.749457106,-5.082442
205hept_828,298.15,2.759901112,2.7270026
0168chl,298.0,-0.25,0.31057155
0401amia,298.0,-9.63,-9.001511
080dich_331,333.15,-0.24744204,0.012896538
033diet_133,298.15,-1.96205623,-2.0806541
113brom_466,283.16,-1.089200663,-0.65815276
231ally_947,293.15,-3.775984,-3.7358127
243meth_971,343.35,-3.226028575,-2.9496331
023hexa_94,323.54,-0.029201355,0.6717614
265dime_1062,323.15,-3.818296862,-4.145024
056buta_230,300.19,-4.514280213,-4.323562
246meth_979,333.15,-6.067847742,-5.898254
121meth_491,353.05,-1.592023466,-1.5662384
207anis_848,302.85,-2.5280124,-2.3218565
063octa_255,302.75,-3.591539376,-3.8435225
026prop_100,298.15,-2.740031543,-3.2851622
184carb_752,288.15,0.18940851,0.12498045
166chlo_672,288.15,-1.162818197,-0.845206
248tric_988,293.15,-2.761510798,-2.2393699
036furf_139,298.15,-5.21605486,-5.497611
100tetr_405,313.15,2.255913311,2.2970638
114dipr_467,333.15,-0.232240976,-0.060745835
test1046,298.0,-2.5,-3.2794514
082nona_342,363.65,-1.562720475,-2.1100183
100tetr_405,353.15,2.894944055,3.0284104
0062dio_carbontet,298.0,-4.97,-4.4150605
065chlo_267,313.15,-0.761777639,-0.6656153
035oxyl_138,318.0,-0.437049832,0.015175223
018buta_84,333.15,-3.752186416,-3.4650912
147hydr_614,323.15,-9.115728458,-8.630591
189nmet_775,308.4,-6.300907807,-6.3539286
246meth_979,323.15,-6.361354638,-5.9888105
060dibr_238,293.15,-2.12713469,-1.7452654
007meth_27,283.15,-4.883075783,-4.8069983
227hept_923,333.35,-2.031519017,-1.6674334
166chlo_672,318.15,-0.475440231,-0.50726414
219acet_898,278.0,-3.942444293,-3.7991958
137ethy_576,282.15,-1.229893513,-0.9450015
060dibr_238,283.15,-2.324756182,-1.932452
049ethy_202,282.65,-2.914000633,-3.080618
179cycl_732,287.95,-0.103001653,0.090722084
272prop_1085,313.15,-0.661517444,-0.19138205
0574eth,298.0,-4.74,-4.8883758
087meth_361,273.15,-5.845092077,-5.757685
247hydr_987,343.15,-0.180762233,0.13699389
0151phy_chloroform,298.0,-10.3,-8.626573
179cycl_732,297.95,0.154983331,0.37730503
101dime_406,333.75,-0.777799085,-1.0252439
190pxyl_776,313.0,-0.346859296,-0.16845798
116tran_482,293.0,1.73,2.039536
063octa_255,298.15,-3.87603797,-4.069378
177trie_722,303.15,-2.796893599,-2.893188
263isob_1051,303.95,-3.853843871,-3.434908
181diis_741,343.15,-1.454737644,-1.6675723
148chlo_615,333.15,-0.731457779,-0.5137526
255cycl_1006,318.15,1.180155729,1.1087307
041ethy_159,293.15,-5.359519232,-5.298946
091buta_380,323.15,-2.335159007,-2.2236218
059dich_237,343.15,-0.389349688,-0.39372742
0157flu,298.0,-0.78,-0.49739718
036furf_139,300.65,-5.192432426,-5.472988
133acet_570,318.15,-3.452514907,-3.0831213
189nmet_775,353.15,-5.489412815,-5.622906
186fluo_754,298.21,-0.216967574,-0.020224452
073meth_294,363.15,-3.409863195,-3.2586322
018buta_84,283.15,-5.122609242,-4.8578405
0057pcr,298.0,-6.14,-5.740759
test1048,298.0,-7.8,-7.2980957
253dich_996,343.15,-0.575177249,-0.40141666
0046eth,298.0,-9.3,-8.912958
084tert_354,292.35,-2.090584819,-2.2531943
086acet_360,308.15,-3.974643897,-3.779121
194pent_782,303.15,-1.355993904,-1.0480298
183vale_749,323.15,-3.070998734,-2.7344418
133acet_570,303.15,-3.732514437,-3.3556519
099prop_404,322.15,2.510874852,2.4426112
196ethy_784,363.65,-0.290738825,-0.6962429
262cycl_1049,333.75,-4.608650056,-4.4612036
095pent_387,303.15,-3.194473022,-2.822525
197trif_794,323.15,-3.728218171,-3.586701
082nona_342,282.95,-5.256042357,-5.2073417
054trif_228,323.15,-3.497555485,-3.2674346
0035ben,298.0,-0.87,-0.5788264
040dime_157,372.25,3.980073283,3.8359413
216anth_887,298.0,-3.600803451,-3.3661256
212chlo_874,343.15,0.051536175,0.23336148
122pipe_500,343.15,-5.36161922,-5.378503
053tetr_227,343.15,-0.434904564,-0.44480884
101dime_406,363.45,-0.06231137,-0.57285583
108hexy_433,353.15,-2.427255069,-2.4661474
137ethy_576,291.15,-0.947497507,-0.70187986
231ally_947,353.15,-3.035741166,-2.984153
224benz_919,363.15,-3.099782679,-2.8291817
186fluo_754,313.15,-0.026405549,0.15358698
0035ben_methanol,298.0,-3.84,-2.6583905
081hexa_332,293.15,-4.379129012,-4.630773
139dich_584,298.15,-4.19630428,-4.2637415
0128butb,298.0,-3.64,-3.741806
195meth_783,293.15,-5.081349009,-4.849572
108hexy_433,363.15,-2.237073506,-2.3347542
203pent_817,293.15,-4.289729613,-4.241459
259prop_1021,353.25,-0.648437245,-0.8061087
065chlo_267,288.15,-1.328163097,-1.0294327
267octa_1065,353.75,-1.453003367,-1.4236555
n006,298.0,-4.48,-4.9856105
260ethy_1031,292.95,-2.342683358,-2.6933932
018buta_84,371.05,-3.131734721,-2.58115
181diis_741,273.15,-4.420584593,-4.0160437
168nitr_678,283.15,-3.974989082,-3.7285028
233tetr_950,283.15,2.739286543,2.7143526
070prop_277,293.15,-2.636080808,-2.7592616
260ethy_1031,302.85,-2.026781682,-2.4213202
073meth_294,273.15,-5.534757739,-5.7363577
147hydr_614,303.15,-9.538497227,-9.087722
021benz_92,298.15,-6.693327055,-6.7351627
206prop_838,292.45,-2.694804657,-2.3956714
241fluo_969,282.65,-1.188930562,-0.85062444
0437pho,298.0,-6.92,-6.7775
023hexa_94,298.46,-0.240768122,-0.12945879
235acet_952,303.15,-9.667210253,-9.441217
247hydr_987,323.15,-0.31710666,-0.006675601
085meth_357,333.95,-2.493974134,-2.5006962
0401amia_chloroform,298.0,-13.64,-12.866208
043hexa_167,273.15,-7.04244119,-6.456156
007meth_27,323.15,-4.059628107,-3.908042
043hexa_167,298.0,-6.187724682,-6.147629
208tetr_850,298.15,-2.47216726,-2.1917353
087meth_361,303.65,-4.673513577,-4.6654816
0424clp,298.0,2.86,1.8458441
0142die_chloroform,298.0,-6.4,-4.9957385
036furf_139,317.15,-4.949609006,-5.281986
145buty_600,323.15,-3.176020233,-3.35667
0050met_chloroform,298.0,-4.48,-3.6092668
021benz_92,303.15,-6.557824526,-6.6220646
015quin_71,343.15,-2.744072141,-3.490162
098dime_400,283.15,-8.306652279,-7.799006
255cycl_1006,308.15,0.999606782,0.9508127
010brom_40,298.0,-0.401464963,-0.42376226
036furf_139,303.15,-5.151919065,-5.446458
156ethy_639,312.65,-2.349654081,-2.4378629
108hexy_433,273.15,-5.097688308,-5.1717234
256hexa_1007,298.15,0.027361751,0.29403365
218tetr_891,323.15,-4.237726559,-4.150589
213octa_875,313.45,-3.051512041,-3.3016977
054trif_228,363.15,-2.675583468,-2.6062655
253dich_996,275.05,-1.807376499,-1.2627941
086acet_360,333.15,-3.653563747,-3.378665
test2029,298.0,-0.8,-1.488488
207anis_848,293.15,-2.838951827,-2.506207
084tert_354,353.65,-0.490856626,-0.5299052
143dich_594,283.15,-2.106121652,-1.7416505
255cycl_1006,312.15,1.079485316,1.0151447
193meth_779,328.85,3.373195929,3.4411836
007meth_27,273.15,-5.110329172,-4.9827094
086acet_360,323.15,-3.74710972,-3.5439196
0163chl,298.0,-0.63,-0.3619578
238form_957,298.0,-6.627031796,-6.435892
029pent_116,283.35,-4.77228686,-4.8362284
0118ani_chloroform,298.0,-7.34,-6.4248056
084tert_354,333.65,-0.944608137,-0.9910121
181diis_741,323.15,-2.166574252,-2.2677307
0133nit,298.0,-3.08,-2.9143167
184carb_752,298.15,0.392530347,0.27784693
175tetr_718,273.15,-0.076689882,-0.32767987
194pent_782,323.15,-0.827337948,-0.6763302
137ethy_576,323.14,-0.066788382,0.14752126
082nona_342,333.25,-2.886134011,-2.97509
189nmet_775,313.15,-6.263068861,-6.2302876
130nitr_552,313.15,-3.820862473,-3.3760085
123dibu_505,343.15,-1.393515627,-1.5540096
217buty_888,333.15,-3.315406807,-3.2722094
259prop_1021,302.75,-2.004967685,-2.0069194
134brom_571,303.15,-1.328797832,-0.9447938
129naph_551,276.7,-3.007581574,-2.5583827
167cisd_673,278.0,0.84,1.0177289
016nona_72,292.95,-4.129115125,-4.414829
215nndi_886,328.3,-7.071326713,-6.6604047
220tric_899,288.15,-0.838708168,-0.93990254
0076but,298.0,-3.64,-3.6581721
197trif_794,273.15,-5.02745631,-4.9212823
121meth_491,343.15,-1.767985044,-1.8176982
035oxyl_138,343.0,-0.006255404,0.5134889
163cycl_666,278.0,-0.19,-0.042461157
167cisd_673,283.0,1.04,1.1745394
128isop_541,282.25,-2.91713068,-2.5119023
